,New Churn Category
0,IS NULL
1,IS NULL
2,Competitor
3,Product quality
4,Product quality
5,IS NULL
6,IS NULL
7,IS NULL
8,IS NULL
9,IS NULL
10,IS NULL
11,IS NULL
12,IS NULL
13,IS NULL
14,IS NULL
15,IS NULL
16,IS NULL
17,IS NULL
18,Product quality
19,Competitor
20,IS NULL
21,Other
22,IS NULL
23,IS NULL
24,Price
25,Client service
26,IS NULL
27,IS NULL
28,IS NULL
29,IS NULL
30,IS NULL
31,IS NULL
32,IS NULL
33,IS NULL
34,IS NULL
35,IS NULL
36,IS NULL
37,IS NULL
38,IS NULL
39,IS NULL
40,Competitor
41,IS NULL
42,IS NULL
43,IS NULL
44,IS NULL
45,IS NULL
46,IS NULL
47,IS NULL
48,IS NULL
49,IS NULL
50,IS NULL
51,IS NULL
52,IS NULL
53,Competitor
54,Product quality
55,IS NULL
56,IS NULL
57,IS NULL
58,IS NULL
59,IS NULL
60,IS NULL
61,IS NULL
62,IS NULL
63,Client service
64,Competitor
65,IS NULL
66,IS NULL
67,Competitor
68,IS NULL
69,IS NULL
70,IS NULL
71,Client service
72,Competitor
73,IS NULL
74,IS NULL
75,Competitor
76,IS NULL
77,Client service
78,IS NULL
79,IS NULL
80,IS NULL
81,IS NULL
82,Competitor
83,IS NULL
84,Client service
85,IS NULL
86,Price
87,Price
88,IS NULL
89,IS NULL
90,IS NULL
91,IS NULL
92,Competitor
93,Competitor
94,Client service
95,IS NULL
96,IS NULL
97,IS NULL
98,IS NULL
99,IS NULL
100,IS NULL
101,IS NULL
102,IS NULL
103,IS NULL
104,IS NULL
105,IS NULL
106,IS NULL
107,IS NULL
108,IS NULL
109,Client service
110,Competitor
111,IS NULL
112,Other
113,IS NULL
114,IS NULL
115,Product quality
116,Price
117,IS NULL
118,IS NULL
119,Competitor
120,IS NULL
121,IS NULL
122,IS NULL
123,IS NULL
124,IS NULL
125,IS NULL
126,Competitor
127,Competitor
128,IS NULL
129,IS NULL
130,IS NULL
131,Competitor
132,IS NULL
133,IS NULL
134,IS NULL
135,IS NULL
136,IS NULL
137,IS NULL
138,IS NULL
139,Competitor
140,IS NULL
141,IS NULL
142,Other
143,Competitor
144,IS NULL
145,IS NULL
146,IS NULL
147,IS NULL
148,IS NULL
149,IS NULL
150,IS NULL
151,IS NULL
152,IS NULL
153,IS NULL
154,IS NULL
155,Competitor
156,IS NULL
157,Client service
158,IS NULL
159,Competitor
160,Competitor
161,IS NULL
162,IS NULL
163,Client service
164,IS NULL
165,IS NULL
166,IS NULL
167,Client service
168,IS NULL
169,IS NULL
170,IS NULL
171,IS NULL
172,IS NULL
173,Client service
174,Competitor
175,IS NULL
176,IS NULL
177,IS NULL
178,IS NULL
179,IS NULL
180,Competitor
181,IS NULL
182,IS NULL
183,IS NULL
184,IS NULL
185,IS NULL
186,Competitor
187,IS NULL
188,IS NULL
189,IS NULL
190,Competitor
191,IS NULL
192,IS NULL
193,IS NULL
194,Product quality
195,IS NULL
196,IS NULL
197,IS NULL
198,Product quality
199,IS NULL
200,IS NULL
201,Competitor
202,IS NULL
203,IS NULL
204,IS NULL
205,Other
206,Competitor
207,Client service
208,IS NULL
209,Competitor
210,Competitor
211,IS NULL
212,IS NULL
213,Competitor
214,Price
215,IS NULL
216,Client service
217,Competitor
218,IS NULL
219,IS NULL
220,IS NULL
221,Price
222,IS NULL
223,Other
224,IS NULL
225,IS NULL
226,Competitor
227,IS NULL
228,Other
229,IS NULL
230,IS NULL
231,IS NULL
232,IS NULL
233,IS NULL
234,Client service
235,Client service
236,IS NULL
237,IS NULL
238,IS NULL
239,IS NULL
240,IS NULL
241,IS NULL
242,IS NULL
243,IS NULL
244,IS NULL
245,IS NULL
246,Other
247,IS NULL
248,Competitor
249,IS NULL
250,IS NULL
251,Other
252,Competitor
253,Product quality
254,IS NULL
255,IS NULL
256,IS NULL
257,IS NULL
258,IS NULL
259,IS NULL
260,IS NULL
261,Client service
262,Other
263,IS NULL
264,IS NULL
265,IS NULL
266,IS NULL
267,IS NULL
268,Price
269,IS NULL
270,IS NULL
271,Product quality
272,IS NULL
273,IS NULL
274,Product quality
275,Price
276,Product quality
277,IS NULL
278,IS NULL
279,IS NULL
280,IS NULL
281,Client service
282,IS NULL
283,Client service
284,IS NULL
285,IS NULL
286,IS NULL
287,IS NULL
288,IS NULL
289,Product quality
290,IS NULL
291,IS NULL
292,IS NULL
293,Client service
294,IS NULL
295,IS NULL
296,IS NULL
297,IS NULL
298,IS NULL
299,IS NULL
300,IS NULL
301,IS NULL
302,IS NULL
303,IS NULL
304,Price
305,IS NULL
306,IS NULL
307,IS NULL
308,IS NULL
309,IS NULL
310,IS NULL
311,Client service
312,IS NULL
313,IS NULL
314,IS NULL
315,IS NULL
316,IS NULL
317,IS NULL
318,Competitor
319,Price
320,IS NULL
321,IS NULL
322,IS NULL
323,IS NULL
324,IS NULL
325,IS NULL
326,IS NULL
327,Price
328,IS NULL
329,IS NULL
330,IS NULL
331,IS NULL
332,Product quality
333,IS NULL
334,IS NULL
335,Client service
336,Competitor
337,IS NULL
338,Other
339,IS NULL
340,Competitor
341,IS NULL
342,IS NULL
343,IS NULL
344,Competitor
345,IS NULL
346,IS NULL
347,Competitor
348,IS NULL
349,IS NULL
350,IS NULL
351,Client service
352,Product quality
353,IS NULL
354,Product quality
355,Price
356,IS NULL
357,Other
358,IS NULL
359,Client service
360,IS NULL
361,IS NULL
362,IS NULL
363,Competitor
364,IS NULL
365,IS NULL
366,IS NULL
367,IS NULL
368,IS NULL
369,IS NULL
370,IS NULL
371,IS NULL
372,IS NULL
373,IS NULL
374,IS NULL
375,IS NULL
376,IS NULL
377,IS NULL
378,IS NULL
379,Product quality
380,IS NULL
381,Competitor
382,IS NULL
383,IS NULL
384,IS NULL
385,Other
386,IS NULL
387,IS NULL
388,IS NULL
389,Product quality
390,IS NULL
391,Competitor
392,IS NULL
393,IS NULL
394,IS NULL
395,IS NULL
396,IS NULL
397,IS NULL
398,Competitor
399,IS NULL
400,IS NULL
401,Competitor
402,IS NULL
403,Client service
404,IS NULL
405,IS NULL
406,IS NULL
407,IS NULL
408,Price
409,IS NULL
410,IS NULL
411,Product quality
412,Price
413,IS NULL
414,Competitor
415,Competitor
416,Price
417,Price
418,IS NULL
419,IS NULL
420,IS NULL
421,IS NULL
422,IS NULL
423,IS NULL
424,IS NULL
425,Client service
426,IS NULL
427,IS NULL
428,Competitor
429,IS NULL
430,IS NULL
431,Other
432,Competitor
433,IS NULL
434,Other
435,Competitor
436,Client service
437,Competitor
438,IS NULL
439,IS NULL
440,Product quality
441,IS NULL
442,IS NULL
443,Client service
444,IS NULL
445,Competitor
446,IS NULL
447,IS NULL
448,IS NULL
449,IS NULL
450,IS NULL
451,Competitor
452,IS NULL
453,IS NULL
454,IS NULL
455,IS NULL
456,IS NULL
457,IS NULL
458,IS NULL
459,IS NULL
460,IS NULL
461,IS NULL
462,IS NULL
463,IS NULL
464,Competitor
465,IS NULL
466,Competitor
467,IS NULL
468,Product quality
469,Price
470,Competitor
471,IS NULL
472,Client service
473,IS NULL
474,Competitor
475,Competitor
476,IS NULL
477,IS NULL
478,Product quality
479,IS NULL
480,IS NULL
481,IS NULL
482,Competitor
483,IS NULL
484,IS NULL
485,IS NULL
486,IS NULL
487,Competitor
488,IS NULL
489,Competitor
490,IS NULL
491,Price
492,Other
493,IS NULL
494,IS NULL
495,IS NULL
496,Competitor
497,IS NULL
498,Price
499,IS NULL
500,IS NULL
501,IS NULL
502,IS NULL
503,Competitor
504,IS NULL
505,IS NULL
506,IS NULL
507,Competitor
508,Competitor
509,IS NULL
510,IS NULL
511,IS NULL
512,IS NULL
513,Product quality
514,Price
515,IS NULL
516,IS NULL
517,IS NULL
518,IS NULL
519,Competitor
520,IS NULL
521,IS NULL
522,Client service
523,IS NULL
524,IS NULL
525,IS NULL
526,Competitor
527,IS NULL
528,IS NULL
529,Competitor
530,IS NULL
531,Competitor
532,IS NULL
533,IS NULL
534,IS NULL
535,Competitor
536,IS NULL
537,IS NULL
538,IS NULL
539,IS NULL
540,IS NULL
541,IS NULL
542,IS NULL
543,IS NULL
544,IS NULL
545,IS NULL
546,Competitor
547,IS NULL
548,IS NULL
549,IS NULL
550,Price
551,IS NULL
552,IS NULL
553,IS NULL
554,IS NULL
555,Competitor
556,IS NULL
557,Competitor
558,IS NULL
559,Competitor
560,IS NULL
561,IS NULL
562,IS NULL
563,IS NULL
564,IS NULL
565,IS NULL
566,IS NULL
567,IS NULL
568,Competitor
569,IS NULL
570,IS NULL
571,IS NULL
572,IS NULL
573,Other
574,IS NULL
575,Other
576,IS NULL
577,IS NULL
578,IS NULL
579,IS NULL
580,IS NULL
581,IS NULL
582,IS NULL
583,IS NULL
584,IS NULL
585,IS NULL
586,IS NULL
587,Client service
588,IS NULL
589,Price
590,IS NULL
591,IS NULL
592,Competitor
593,IS NULL
594,Competitor
595,IS NULL
596,IS NULL
597,Competitor
598,Client service
599,Price
600,Competitor
601,IS NULL
602,Competitor
603,Product quality
604,IS NULL
605,Client service
606,Competitor
607,IS NULL
608,Competitor
609,IS NULL
610,IS NULL
611,IS NULL
612,Product quality
613,IS NULL
614,IS NULL
615,IS NULL
616,IS NULL
617,IS NULL
618,IS NULL
619,IS NULL
620,IS NULL
621,IS NULL
622,IS NULL
623,IS NULL
624,IS NULL
625,Price
626,IS NULL
627,Client service
628,IS NULL
629,Client service
630,IS NULL
631,Competitor
632,IS NULL
633,IS NULL
634,IS NULL
635,IS NULL
636,IS NULL
637,IS NULL
638,IS NULL
639,IS NULL
640,IS NULL
641,Competitor
642,Competitor
643,IS NULL
644,IS NULL
645,IS NULL
646,Competitor
647,IS NULL
648,Competitor
649,Competitor
650,Price
651,IS NULL
652,IS NULL
653,IS NULL
654,IS NULL
655,IS NULL
656,IS NULL
657,IS NULL
658,IS NULL
659,Client service
660,IS NULL
661,Competitor
662,IS NULL
663,Competitor
664,IS NULL
665,IS NULL
666,IS NULL
667,IS NULL
668,IS NULL
669,IS NULL
670,Competitor
671,IS NULL
672,IS NULL
673,IS NULL
674,IS NULL
675,IS NULL
676,Other
677,IS NULL
678,IS NULL
679,IS NULL
680,Competitor
681,IS NULL
682,Client service
683,Competitor
684,IS NULL
685,IS NULL
686,IS NULL
687,IS NULL
688,IS NULL
689,IS NULL
690,IS NULL
691,IS NULL
692,Product quality
693,IS NULL
694,Competitor
695,IS NULL
696,IS NULL
697,IS NULL
698,Competitor
699,Product quality
700,IS NULL
701,IS NULL
702,IS NULL
703,IS NULL
704,Client service
705,Client service
706,IS NULL
707,IS NULL
708,Product quality
709,IS NULL
710,IS NULL
711,IS NULL
712,IS NULL
713,IS NULL
714,IS NULL
715,IS NULL
716,IS NULL
717,IS NULL
718,IS NULL
719,IS NULL
720,Competitor
721,IS NULL
722,IS NULL
723,Competitor
724,IS NULL
725,Competitor
726,IS NULL
727,IS NULL
728,IS NULL
729,Client service
730,IS NULL
731,IS NULL
732,IS NULL
733,IS NULL
734,Client service
735,IS NULL
736,Other
737,IS NULL
738,Client service
739,IS NULL
740,IS NULL
741,IS NULL
742,IS NULL
743,IS NULL
744,IS NULL
745,IS NULL
746,Competitor
747,IS NULL
748,IS NULL
749,IS NULL
750,Competitor
751,IS NULL
752,IS NULL
753,IS NULL
754,IS NULL
755,IS NULL
756,IS NULL
757,IS NULL
758,IS NULL
759,IS NULL
760,IS NULL
761,IS NULL
762,IS NULL
763,IS NULL
764,Product quality
765,Competitor
766,Other
767,IS NULL
768,IS NULL
769,Other
770,IS NULL
771,Competitor
772,IS NULL
773,IS NULL
774,IS NULL
775,IS NULL
776,IS NULL
777,IS NULL
778,IS NULL
779,IS NULL
780,IS NULL
781,IS NULL
782,IS NULL
783,IS NULL
784,IS NULL
785,IS NULL
786,Other
787,Client service
788,IS NULL
789,Competitor
790,IS NULL
791,IS NULL
792,IS NULL
793,Competitor
794,IS NULL
795,IS NULL
796,IS NULL
797,IS NULL
798,IS NULL
799,IS NULL
800,IS NULL
801,IS NULL
802,IS NULL
803,IS NULL
804,IS NULL
805,IS NULL
806,IS NULL
807,IS NULL
808,IS NULL
809,IS NULL
810,IS NULL
811,IS NULL
812,Competitor
813,IS NULL
814,Competitor
815,IS NULL
816,IS NULL
817,IS NULL
818,Client service
819,Competitor
820,IS NULL
821,IS NULL
822,IS NULL
823,Other
824,IS NULL
825,IS NULL
826,Other
827,IS NULL
828,IS NULL
829,IS NULL
830,Product quality
831,IS NULL
832,IS NULL
833,IS NULL
834,IS NULL
835,IS NULL
836,IS NULL
837,Competitor
838,IS NULL
839,IS NULL
840,IS NULL
841,IS NULL
842,IS NULL
843,IS NULL
844,IS NULL
845,Product quality
846,IS NULL
847,Price
848,IS NULL
849,IS NULL
850,IS NULL
851,IS NULL
852,Competitor
853,IS NULL
854,IS NULL
855,Price
856,IS NULL
857,IS NULL
858,IS NULL
859,IS NULL
860,IS NULL
861,Price
862,IS NULL
863,Competitor
864,IS NULL
865,IS NULL
866,Price
867,IS NULL
868,Competitor
869,Competitor
870,IS NULL
871,IS NULL
872,IS NULL
873,Client service
874,IS NULL
875,IS NULL
876,Product quality
877,IS NULL
878,IS NULL
879,Competitor
880,IS NULL
881,IS NULL
882,Other
883,IS NULL
884,Client service
885,IS NULL
886,IS NULL
887,IS NULL
888,IS NULL
889,IS NULL
890,IS NULL
891,IS NULL
892,IS NULL
893,IS NULL
894,IS NULL
895,IS NULL
896,Competitor
897,IS NULL
898,IS NULL
899,IS NULL
900,IS NULL
901,Price
902,IS NULL
903,IS NULL
904,IS NULL
905,IS NULL
906,Client service
907,IS NULL
908,Product quality
909,Price
910,Other
911,IS NULL
912,IS NULL
913,IS NULL
914,IS NULL
915,Product quality
916,IS NULL
917,IS NULL
918,IS NULL
919,IS NULL
920,IS NULL
921,IS NULL
922,IS NULL
923,Other
924,Competitor
925,IS NULL
926,IS NULL
927,IS NULL
928,IS NULL
929,IS NULL
930,Client service
931,IS NULL
932,IS NULL
933,IS NULL
934,IS NULL
935,IS NULL
936,IS NULL
937,IS NULL
938,IS NULL
939,IS NULL
940,IS NULL
941,IS NULL
942,IS NULL
943,Competitor
944,IS NULL
945,IS NULL
946,IS NULL
947,IS NULL
948,Competitor
949,Competitor
950,IS NULL
951,IS NULL
952,Other
953,IS NULL
954,IS NULL
955,IS NULL
956,Competitor
957,IS NULL
958,IS NULL
959,IS NULL
960,IS NULL
961,IS NULL
962,IS NULL
963,Product quality
964,IS NULL
965,IS NULL
966,IS NULL
967,Client service
968,IS NULL
969,IS NULL
970,IS NULL
971,IS NULL
972,IS NULL
973,IS NULL
974,IS NULL
975,IS NULL
976,IS NULL
977,IS NULL
978,Competitor
979,IS NULL
980,IS NULL
981,IS NULL
982,IS NULL
983,Price
984,IS NULL
985,IS NULL
986,IS NULL
987,IS NULL
988,IS NULL
989,Product quality
990,IS NULL
991,IS NULL
992,IS NULL
993,IS NULL
994,Product quality
995,Competitor
996,Competitor
997,IS NULL
998,Competitor
999,Price
1000,Competitor
1001,Client service
1002,IS NULL
1003,IS NULL
1004,IS NULL
1005,IS NULL
1006,IS NULL
1007,Other
1008,IS NULL
1009,Product quality
1010,IS NULL
1011,IS NULL
1012,IS NULL
1013,IS NULL
1014,Competitor
1015,IS NULL
1016,IS NULL
1017,IS NULL
1018,IS NULL
1019,IS NULL
1020,IS NULL
1021,IS NULL
1022,IS NULL
1023,IS NULL
1024,IS NULL
1025,IS NULL
1026,Product quality
1027,IS NULL
1028,IS NULL
1029,IS NULL
1030,IS NULL
1031,IS NULL
1032,IS NULL
1033,Price
1034,IS NULL
1035,Client service
1036,IS NULL
1037,IS NULL
1038,Competitor
1039,Competitor
1040,IS NULL
1041,IS NULL
1042,Product quality
1043,IS NULL
1044,Competitor
1045,Client service
1046,IS NULL
1047,Competitor
1048,IS NULL
1049,IS NULL
1050,IS NULL
1051,IS NULL
1052,IS NULL
1053,IS NULL
1054,Other
1055,IS NULL
1056,IS NULL
1057,IS NULL
1058,IS NULL
1059,IS NULL
1060,IS NULL
1061,IS NULL
1062,Product quality
1063,IS NULL
1064,IS NULL
1065,IS NULL
1066,Price
1067,IS NULL
1068,IS NULL
1069,IS NULL
1070,IS NULL
1071,IS NULL
1072,IS NULL
1073,Client service
1074,Competitor
1075,Product quality
1076,IS NULL
1077,IS NULL
1078,Other
1079,Competitor
1080,IS NULL
1081,IS NULL
1082,IS NULL
1083,IS NULL
1084,Client service
1085,Competitor
1086,IS NULL
1087,Competitor
1088,Client service
1089,Product quality
1090,Competitor
1091,Other
1092,IS NULL
1093,Client service
1094,IS NULL
1095,Client service
1096,IS NULL
1097,Price
1098,Price
1099,IS NULL
1100,IS NULL
1101,IS NULL
1102,Competitor
1103,IS NULL
1104,Client service
1105,IS NULL
1106,Other
1107,IS NULL
1108,IS NULL
1109,IS NULL
1110,Competitor
1111,Other
1112,Competitor
1113,Product quality
1114,Competitor
1115,IS NULL
1116,IS NULL
1117,IS NULL
1118,IS NULL
1119,IS NULL
1120,IS NULL
1121,IS NULL
1122,IS NULL
1123,IS NULL
1124,IS NULL
1125,IS NULL
1126,Client service
1127,IS NULL
1128,IS NULL
1129,Competitor
1130,IS NULL
1131,IS NULL
1132,Product quality
1133,IS NULL
1134,IS NULL
1135,IS NULL
1136,IS NULL
1137,Competitor
1138,IS NULL
1139,Competitor
1140,IS NULL
1141,IS NULL
1142,IS NULL
1143,IS NULL
1144,IS NULL
1145,IS NULL
1146,IS NULL
1147,Other
1148,IS NULL
1149,IS NULL
1150,IS NULL
1151,IS NULL
1152,IS NULL
1153,IS NULL
1154,IS NULL
1155,Competitor
1156,IS NULL
1157,IS NULL
1158,IS NULL
1159,IS NULL
1160,Client service
1161,IS NULL
1162,IS NULL
1163,IS NULL
1164,IS NULL
1165,IS NULL
1166,IS NULL
1167,IS NULL
1168,Other
1169,Client service
1170,IS NULL
1171,Competitor
1172,Client service
1173,IS NULL
1174,IS NULL
1175,IS NULL
1176,IS NULL
1177,IS NULL
1178,Competitor
1179,IS NULL
1180,Competitor
1181,IS NULL
1182,IS NULL
1183,Price
1184,IS NULL
1185,IS NULL
1186,IS NULL
1187,Competitor
1188,IS NULL
1189,IS NULL
1190,IS NULL
1191,IS NULL
1192,IS NULL
1193,IS NULL
1194,IS NULL
1195,Other
1196,IS NULL
1197,IS NULL
1198,IS NULL
1199,IS NULL
1200,IS NULL
1201,IS NULL
1202,IS NULL
1203,Competitor
1204,IS NULL
1205,Price
1206,IS NULL
1207,IS NULL
1208,IS NULL
1209,IS NULL
1210,IS NULL
1211,IS NULL
1212,IS NULL
1213,IS NULL
1214,IS NULL
1215,Product quality
1216,Client service
1217,IS NULL
1218,IS NULL
1219,IS NULL
1220,Competitor
1221,IS NULL
1222,IS NULL
1223,IS NULL
1224,IS NULL
1225,IS NULL
1226,IS NULL
1227,IS NULL
1228,IS NULL
1229,IS NULL
1230,Client service
1231,IS NULL
1232,IS NULL
1233,IS NULL
1234,IS NULL
1235,IS NULL
1236,Price
1237,IS NULL
1238,IS NULL
1239,IS NULL
1240,IS NULL
1241,IS NULL
1242,IS NULL
1243,IS NULL
1244,Competitor
1245,IS NULL
1246,IS NULL
1247,IS NULL
1248,Competitor
1249,IS NULL
1250,IS NULL
1251,IS NULL
1252,IS NULL
1253,IS NULL
1254,IS NULL
1255,Price
1256,IS NULL
1257,IS NULL
1258,IS NULL
1259,Competitor
1260,IS NULL
1261,IS NULL
1262,IS NULL
1263,Competitor
1264,IS NULL
1265,Competitor
1266,IS NULL
1267,Competitor
1268,IS NULL
1269,Client service
1270,IS NULL
1271,Competitor
1272,IS NULL
1273,Competitor
1274,Competitor
1275,IS NULL
1276,IS NULL
1277,IS NULL
1278,IS NULL
1279,Other
1280,Product quality
1281,IS NULL
1282,IS NULL
1283,Competitor
1284,IS NULL
1285,IS NULL
1286,Competitor
1287,IS NULL
1288,Competitor
1289,IS NULL
1290,IS NULL
1291,IS NULL
1292,IS NULL
1293,Competitor
1294,IS NULL
1295,IS NULL
1296,IS NULL
1297,IS NULL
1298,IS NULL
1299,IS NULL
1300,IS NULL
1301,IS NULL
1302,IS NULL
1303,Price
1304,IS NULL
1305,IS NULL
1306,IS NULL
1307,IS NULL
1308,IS NULL
1309,IS NULL
1310,IS NULL
1311,IS NULL
1312,IS NULL
1313,IS NULL
1314,IS NULL
1315,IS NULL
1316,IS NULL
1317,IS NULL
1318,IS NULL
1319,Competitor
1320,Price
1321,IS NULL
1322,Competitor
1323,Competitor
1324,IS NULL
1325,IS NULL
1326,IS NULL
1327,IS NULL
1328,Competitor
1329,Competitor
1330,Competitor
1331,Competitor
1332,IS NULL
1333,Client service
1334,IS NULL
1335,IS NULL
1336,IS NULL
1337,IS NULL
1338,Competitor
1339,IS NULL
1340,IS NULL
1341,IS NULL
1342,IS NULL
1343,IS NULL
1344,IS NULL
1345,IS NULL
1346,Price
1347,Other
1348,Competitor
1349,IS NULL
1350,IS NULL
1351,Product quality
1352,Competitor
1353,Competitor
1354,IS NULL
1355,IS NULL
1356,IS NULL
1357,IS NULL
1358,IS NULL
1359,IS NULL
1360,Competitor
1361,Price
1362,Competitor
1363,IS NULL
1364,IS NULL
1365,Client service
1366,Competitor
1367,IS NULL
1368,IS NULL
1369,Client service
1370,Other
1371,Other
1372,Competitor
1373,IS NULL
1374,IS NULL
1375,IS NULL
1376,IS NULL
1377,IS NULL
1378,IS NULL
1379,IS NULL
1380,IS NULL
1381,IS NULL
1382,IS NULL
1383,IS NULL
1384,IS NULL
1385,IS NULL
1386,IS NULL
1387,IS NULL
1388,Other
1389,IS NULL
1390,IS NULL
1391,IS NULL
1392,Competitor
1393,Competitor
1394,IS NULL
1395,IS NULL
1396,IS NULL
1397,IS NULL
1398,Price
1399,IS NULL
1400,IS NULL
1401,IS NULL
1402,Competitor
1403,IS NULL
1404,IS NULL
1405,IS NULL
1406,IS NULL
1407,IS NULL
1408,Competitor
1409,IS NULL
1410,IS NULL
1411,IS NULL
1412,IS NULL
1413,IS NULL
1414,Competitor
1415,Competitor
1416,IS NULL
1417,IS NULL
1418,IS NULL
1419,IS NULL
1420,IS NULL
1421,Product quality
1422,Client service
1423,IS NULL
1424,IS NULL
1425,Price
1426,IS NULL
1427,IS NULL
1428,IS NULL
1429,IS NULL
1430,IS NULL
1431,Other
1432,Other
1433,IS NULL
1434,Client service
1435,Product quality
1436,IS NULL
1437,IS NULL
1438,IS NULL
1439,IS NULL
1440,IS NULL
1441,IS NULL
1442,IS NULL
1443,IS NULL
1444,IS NULL
1445,IS NULL
1446,Competitor
1447,IS NULL
1448,IS NULL
1449,IS NULL
1450,Client service
1451,IS NULL
1452,IS NULL
1453,IS NULL
1454,IS NULL
1455,IS NULL
1456,Product quality
1457,IS NULL
1458,Client service
1459,Product quality
1460,IS NULL
1461,Product quality
1462,IS NULL
1463,IS NULL
1464,IS NULL
1465,IS NULL
1466,Other
1467,IS NULL
1468,IS NULL
1469,IS NULL
1470,IS NULL
1471,IS NULL
1472,IS NULL
1473,IS NULL
1474,Product quality
1475,IS NULL
1476,IS NULL
1477,IS NULL
1478,Client service
1479,IS NULL
1480,IS NULL
1481,Product quality
1482,Other
1483,IS NULL
1484,IS NULL
1485,IS NULL
1486,IS NULL
1487,IS NULL
1488,IS NULL
1489,IS NULL
1490,Other
1491,IS NULL
1492,IS NULL
1493,Competitor
1494,IS NULL
1495,IS NULL
1496,IS NULL
1497,Competitor
1498,Competitor
1499,Client service
1500,IS NULL
1501,IS NULL
1502,IS NULL
1503,IS NULL
1504,IS NULL
1505,IS NULL
1506,IS NULL
1507,IS NULL
1508,IS NULL
1509,IS NULL
1510,Other
1511,IS NULL
1512,IS NULL
1513,Price
1514,Price
1515,IS NULL
1516,IS NULL
1517,IS NULL
1518,IS NULL
1519,IS NULL
1520,IS NULL
1521,Client service
1522,IS NULL
1523,IS NULL
1524,IS NULL
1525,IS NULL
1526,IS NULL
1527,IS NULL
1528,Product quality
1529,IS NULL
1530,Client service
1531,IS NULL
1532,IS NULL
1533,Competitor
1534,IS NULL
1535,IS NULL
1536,IS NULL
1537,IS NULL
1538,Product quality
1539,IS NULL
1540,IS NULL
1541,IS NULL
1542,IS NULL
1543,IS NULL
1544,IS NULL
1545,IS NULL
1546,IS NULL
1547,IS NULL
1548,IS NULL
1549,Competitor
1550,IS NULL
1551,IS NULL
1552,Product quality
1553,IS NULL
1554,IS NULL
1555,IS NULL
1556,IS NULL
1557,IS NULL
1558,IS NULL
1559,Product quality
1560,IS NULL
1561,IS NULL
1562,IS NULL
1563,IS NULL
1564,IS NULL
1565,Competitor
1566,IS NULL
1567,IS NULL
1568,IS NULL
1569,IS NULL
1570,IS NULL
1571,IS NULL
1572,IS NULL
1573,IS NULL
1574,IS NULL
1575,IS NULL
1576,IS NULL
1577,IS NULL
1578,IS NULL
1579,Competitor
1580,IS NULL
1581,IS NULL
1582,IS NULL
1583,IS NULL
1584,IS NULL
1585,Client service
1586,Client service
1587,IS NULL
1588,IS NULL
1589,Client service
1590,IS NULL
1591,IS NULL
1592,IS NULL
1593,Other
1594,IS NULL
1595,IS NULL
1596,IS NULL
1597,IS NULL
1598,IS NULL
1599,IS NULL
1600,Product quality
1601,IS NULL
1602,Price
1603,IS NULL
1604,IS NULL
1605,IS NULL
1606,IS NULL
1607,IS NULL
1608,Other
1609,IS NULL
1610,IS NULL
1611,IS NULL
1612,IS NULL
1613,IS NULL
1614,IS NULL
1615,IS NULL
1616,Competitor
1617,IS NULL
1618,Competitor
1619,Competitor
1620,IS NULL
1621,IS NULL
1622,IS NULL
1623,Competitor
1624,IS NULL
1625,IS NULL
1626,IS NULL
1627,IS NULL
1628,Other
1629,IS NULL
1630,IS NULL
1631,IS NULL
1632,Other
1633,IS NULL
1634,IS NULL
1635,IS NULL
1636,IS NULL
1637,Competitor
1638,IS NULL
1639,IS NULL
1640,Competitor
1641,IS NULL
1642,Product quality
1643,IS NULL
1644,IS NULL
1645,IS NULL
1646,IS NULL
1647,Product quality
1648,IS NULL
1649,Other
1650,Client service
1651,IS NULL
1652,IS NULL
1653,IS NULL
1654,Other
1655,IS NULL
1656,IS NULL
1657,IS NULL
1658,Product quality
1659,Other
1660,IS NULL
1661,IS NULL
1662,IS NULL
1663,IS NULL
1664,IS NULL
1665,IS NULL
1666,IS NULL
1667,IS NULL
1668,Price
1669,IS NULL
1670,Other
1671,IS NULL
1672,IS NULL
1673,IS NULL
1674,IS NULL
1675,Client service
1676,Other
1677,IS NULL
1678,IS NULL
1679,IS NULL
1680,IS NULL
1681,IS NULL
1682,IS NULL
1683,IS NULL
1684,Product quality
1685,IS NULL
1686,IS NULL
1687,Client service
1688,IS NULL
1689,Competitor
1690,IS NULL
1691,IS NULL
1692,IS NULL
1693,IS NULL
1694,IS NULL
1695,Product quality
1696,Other
1697,IS NULL
1698,IS NULL
1699,IS NULL
1700,IS NULL
1701,Competitor
1702,IS NULL
1703,IS NULL
1704,IS NULL
1705,IS NULL
1706,Competitor
1707,IS NULL
1708,Client service
1709,Client service
1710,IS NULL
1711,Client service
1712,IS NULL
1713,IS NULL
1714,IS NULL
1715,IS NULL
1716,IS NULL
1717,IS NULL
1718,Client service
1719,Product quality
1720,IS NULL
1721,IS NULL
1722,IS NULL
1723,IS NULL
1724,Client service
1725,Price
1726,IS NULL
1727,IS NULL
1728,Competitor
1729,IS NULL
1730,IS NULL
1731,IS NULL
1732,IS NULL
1733,IS NULL
1734,IS NULL
1735,IS NULL
1736,IS NULL
1737,Competitor
1738,Competitor
1739,IS NULL
1740,Competitor
1741,IS NULL
1742,IS NULL
1743,IS NULL
1744,IS NULL
1745,IS NULL
1746,IS NULL
1747,IS NULL
1748,IS NULL
1749,IS NULL
1750,IS NULL
1751,IS NULL
1752,IS NULL
1753,IS NULL
1754,IS NULL
1755,Price
1756,Competitor
1757,Competitor
1758,IS NULL
1759,IS NULL
1760,Client service
1761,IS NULL
1762,IS NULL
1763,IS NULL
1764,IS NULL
1765,IS NULL
1766,IS NULL
1767,IS NULL
1768,IS NULL
1769,IS NULL
1770,IS NULL
1771,IS NULL
1772,IS NULL
1773,IS NULL
1774,Competitor
1775,IS NULL
1776,IS NULL
1777,IS NULL
1778,IS NULL
1779,IS NULL
1780,IS NULL
1781,IS NULL
1782,IS NULL
1783,Competitor
1784,IS NULL
1785,IS NULL
1786,Competitor
1787,Product quality
1788,IS NULL
1789,Price
1790,Product quality
1791,IS NULL
1792,IS NULL
1793,IS NULL
1794,Competitor
1795,IS NULL
1796,IS NULL
1797,IS NULL
1798,Product quality
1799,IS NULL
1800,IS NULL
1801,IS NULL
1802,Price
1803,Other
1804,Client service
1805,Price
1806,IS NULL
1807,IS NULL
1808,IS NULL
1809,IS NULL
1810,Price
1811,Client service
1812,IS NULL
1813,Product quality
1814,IS NULL
1815,IS NULL
1816,IS NULL
1817,IS NULL
1818,Product quality
1819,Product quality
1820,Price
1821,IS NULL
1822,Client service
1823,Competitor
1824,IS NULL
1825,IS NULL
1826,IS NULL
1827,IS NULL
1828,Price
1829,IS NULL
1830,IS NULL
1831,IS NULL
1832,Competitor
1833,Price
1834,IS NULL
1835,IS NULL
1836,IS NULL
1837,IS NULL
1838,IS NULL
1839,IS NULL
1840,IS NULL
1841,IS NULL
1842,IS NULL
1843,IS NULL
1844,IS NULL
1845,IS NULL
1846,IS NULL
1847,IS NULL
1848,Product quality
1849,IS NULL
1850,Competitor
1851,Competitor
1852,IS NULL
1853,IS NULL
1854,Competitor
1855,IS NULL
1856,IS NULL
1857,IS NULL
1858,IS NULL
1859,IS NULL
1860,Other
1861,IS NULL
1862,IS NULL
1863,IS NULL
1864,IS NULL
1865,IS NULL
1866,IS NULL
1867,IS NULL
1868,IS NULL
1869,IS NULL
1870,IS NULL
1871,Competitor
1872,IS NULL
1873,Price
1874,IS NULL
1875,Other
1876,Product quality
1877,Other
1878,IS NULL
1879,IS NULL
1880,Client service
1881,IS NULL
1882,IS NULL
1883,IS NULL
1884,IS NULL
1885,Product quality
1886,Client service
1887,IS NULL
1888,IS NULL
1889,IS NULL
1890,IS NULL
1891,IS NULL
1892,Price
1893,IS NULL
1894,IS NULL
1895,IS NULL
1896,IS NULL
1897,Competitor
1898,Competitor
1899,IS NULL
1900,Competitor
1901,IS NULL
1902,IS NULL
1903,IS NULL
1904,IS NULL
1905,Competitor
1906,IS NULL
1907,Competitor
1908,Competitor
1909,IS NULL
1910,IS NULL
1911,IS NULL
1912,IS NULL
1913,IS NULL
1914,IS NULL
1915,IS NULL
1916,IS NULL
1917,IS NULL
1918,IS NULL
1919,Price
1920,IS NULL
1921,IS NULL
1922,IS NULL
1923,IS NULL
1924,IS NULL
1925,IS NULL
1926,IS NULL
1927,IS NULL
1928,IS NULL
1929,IS NULL
1930,IS NULL
1931,IS NULL
1932,IS NULL
1933,IS NULL
1934,IS NULL
1935,Competitor
1936,IS NULL
1937,IS NULL
1938,IS NULL
1939,IS NULL
1940,Price
1941,IS NULL
1942,Client service
1943,IS NULL
1944,IS NULL
1945,IS NULL
1946,IS NULL
1947,IS NULL
1948,IS NULL
1949,IS NULL
1950,IS NULL
1951,IS NULL
1952,IS NULL
1953,IS NULL
1954,IS NULL
1955,IS NULL
1956,Competitor
1957,IS NULL
1958,Competitor
1959,Competitor
1960,Client service
1961,Competitor
1962,IS NULL
1963,Client service
1964,IS NULL
1965,Product quality
1966,Competitor
1967,IS NULL
1968,IS NULL
1969,IS NULL
1970,IS NULL
1971,IS NULL
1972,Price
1973,Product quality
1974,IS NULL
1975,Price
1976,Price
1977,IS NULL
1978,IS NULL
1979,IS NULL
1980,Competitor
1981,IS NULL
1982,Product quality
1983,IS NULL
1984,Product quality
1985,Competitor
1986,Client service
1987,Competitor
1988,IS NULL
1989,IS NULL
1990,Client service
1991,IS NULL
1992,IS NULL
1993,IS NULL
1994,IS NULL
1995,IS NULL
1996,IS NULL
1997,IS NULL
1998,Other
1999,IS NULL
2000,Client service
2001,IS NULL
2002,IS NULL
2003,Competitor
2004,IS NULL
2005,IS NULL
2006,Competitor
2007,IS NULL
2008,IS NULL
2009,Client service
2010,IS NULL
2011,IS NULL
2012,IS NULL
2013,IS NULL
2014,IS NULL
2015,IS NULL
2016,IS NULL
2017,IS NULL
2018,IS NULL
2019,Product quality
2020,IS NULL
2021,IS NULL
2022,Other
2023,IS NULL
2024,IS NULL
2025,IS NULL
2026,IS NULL
2027,IS NULL
2028,IS NULL
2029,IS NULL
2030,IS NULL
2031,IS NULL
2032,IS NULL
2033,Competitor
2034,Competitor
2035,Competitor
2036,IS NULL
2037,IS NULL
2038,IS NULL
2039,IS NULL
2040,Product quality
2041,IS NULL
2042,IS NULL
2043,IS NULL
2044,Product quality
2045,Competitor
2046,Competitor
2047,IS NULL
2048,Competitor
2049,Price
2050,Client service
2051,IS NULL
2052,Competitor
2053,IS NULL
2054,IS NULL
2055,IS NULL
2056,Product quality
2057,IS NULL
2058,IS NULL
2059,Competitor
2060,IS NULL
2061,Competitor
2062,IS NULL
2063,IS NULL
2064,IS NULL
2065,IS NULL
2066,IS NULL
2067,IS NULL
2068,IS NULL
2069,IS NULL
2070,Other
2071,Competitor
2072,Competitor
2073,Competitor
2074,IS NULL
2075,Product quality
2076,IS NULL
2077,IS NULL
2078,IS NULL
2079,IS NULL
2080,IS NULL
2081,IS NULL
2082,IS NULL
2083,IS NULL
2084,Competitor
2085,IS NULL
2086,IS NULL
2087,Other
2088,IS NULL
2089,IS NULL
2090,IS NULL
2091,Client service
2092,IS NULL
2093,IS NULL
2094,IS NULL
2095,Price
2096,IS NULL
2097,Product quality
2098,IS NULL
2099,Client service
2100,IS NULL
2101,IS NULL
2102,IS NULL
2103,IS NULL
2104,Client service
2105,IS NULL
2106,IS NULL
2107,Client service
2108,IS NULL
2109,IS NULL
2110,Other
2111,IS NULL
2112,Competitor
2113,IS NULL
2114,Product quality
2115,IS NULL
2116,IS NULL
2117,IS NULL
2118,IS NULL
2119,Competitor
2120,Competitor
2121,Competitor
2122,IS NULL
2123,IS NULL
2124,IS NULL
2125,IS NULL
2126,IS NULL
2127,IS NULL
2128,Competitor
2129,IS NULL
2130,IS NULL
2131,IS NULL
2132,IS NULL
2133,Competitor
2134,Competitor
2135,IS NULL
2136,Competitor
2137,IS NULL
2138,IS NULL
2139,Client service
2140,IS NULL
2141,IS NULL
2142,IS NULL
2143,Competitor
2144,IS NULL
2145,IS NULL
2146,IS NULL
2147,IS NULL
2148,IS NULL
2149,IS NULL
2150,IS NULL
2151,Client service
2152,IS NULL
2153,IS NULL
2154,IS NULL
2155,Competitor
2156,IS NULL
2157,IS NULL
2158,Product quality
2159,Competitor
2160,IS NULL
2161,IS NULL
2162,Client service
2163,Competitor
2164,IS NULL
2165,IS NULL
2166,IS NULL
2167,IS NULL
2168,Competitor
2169,Competitor
2170,IS NULL
2171,IS NULL
2172,Other
2173,Competitor
2174,IS NULL
2175,IS NULL
2176,IS NULL
2177,IS NULL
2178,IS NULL
2179,IS NULL
2180,IS NULL
2181,IS NULL
2182,IS NULL
2183,IS NULL
2184,IS NULL
2185,IS NULL
2186,Client service
2187,IS NULL
2188,IS NULL
2189,IS NULL
2190,IS NULL
2191,Client service
2192,Client service
2193,Competitor
2194,Competitor
2195,IS NULL
2196,IS NULL
2197,IS NULL
2198,IS NULL
2199,Competitor
2200,IS NULL
2201,IS NULL
2202,IS NULL
2203,Competitor
2204,IS NULL
2205,IS NULL
2206,IS NULL
2207,IS NULL
2208,IS NULL
2209,Competitor
2210,IS NULL
2211,Other
2212,IS NULL
2213,IS NULL
2214,IS NULL
2215,IS NULL
2216,IS NULL
2217,IS NULL
2218,IS NULL
2219,IS NULL
2220,Client service
2221,IS NULL
2222,Other
2223,IS NULL
2224,IS NULL
2225,IS NULL
2226,IS NULL
2227,Client service
2228,IS NULL
2229,IS NULL
2230,Competitor
2231,IS NULL
2232,IS NULL
2233,Competitor
2234,Competitor
2235,IS NULL
2236,IS NULL
2237,IS NULL
2238,IS NULL
2239,Competitor
2240,IS NULL
2241,IS NULL
2242,IS NULL
2243,IS NULL
2244,Client service
2245,Competitor
2246,IS NULL
2247,IS NULL
2248,Competitor
2249,IS NULL
2250,IS NULL
2251,IS NULL
2252,Competitor
2253,IS NULL
2254,IS NULL
2255,IS NULL
2256,Competitor
2257,IS NULL
2258,IS NULL
2259,IS NULL
2260,IS NULL
2261,IS NULL
2262,Product quality
2263,IS NULL
2264,Competitor
2265,Client service
2266,IS NULL
2267,IS NULL
2268,IS NULL
2269,Competitor
2270,IS NULL
2271,Client service
2272,IS NULL
2273,Competitor
2274,IS NULL
2275,IS NULL
2276,Competitor
2277,IS NULL
2278,IS NULL
2279,IS NULL
2280,IS NULL
2281,IS NULL
2282,Competitor
2283,IS NULL
2284,IS NULL
2285,IS NULL
2286,IS NULL
2287,IS NULL
2288,Other
2289,IS NULL
2290,IS NULL
2291,IS NULL
2292,Competitor
2293,IS NULL
2294,IS NULL
2295,IS NULL
2296,IS NULL
2297,IS NULL
2298,IS NULL
2299,IS NULL
2300,Other
2301,IS NULL
2302,IS NULL
2303,Client service
2304,IS NULL
2305,IS NULL
2306,IS NULL
2307,IS NULL
2308,IS NULL
2309,IS NULL
2310,IS NULL
2311,IS NULL
2312,IS NULL
2313,Competitor
2314,IS NULL
2315,Product quality
2316,IS NULL
2317,Competitor
2318,IS NULL
2319,IS NULL
2320,IS NULL
2321,Other
2322,Competitor
2323,IS NULL
2324,IS NULL
2325,IS NULL
2326,Product quality
2327,IS NULL
2328,Client service
2329,Competitor
2330,Competitor
2331,Product quality
2332,IS NULL
2333,IS NULL
2334,IS NULL
2335,IS NULL
2336,IS NULL
2337,Product quality
2338,IS NULL
2339,Price
2340,IS NULL
2341,IS NULL
2342,Price
2343,IS NULL
2344,IS NULL
2345,IS NULL
2346,IS NULL
2347,IS NULL
2348,IS NULL
2349,IS NULL
2350,IS NULL
2351,IS NULL
2352,IS NULL
2353,Product quality
2354,IS NULL
2355,IS NULL
2356,Competitor
2357,IS NULL
2358,IS NULL
2359,Product quality
2360,IS NULL
2361,IS NULL
2362,IS NULL
2363,Client service
2364,IS NULL
2365,Price
2366,IS NULL
2367,IS NULL
2368,Price
2369,IS NULL
2370,IS NULL
2371,Competitor
2372,IS NULL
2373,Client service
2374,IS NULL
2375,Competitor
2376,IS NULL
2377,IS NULL
2378,IS NULL
2379,IS NULL
2380,IS NULL
2381,IS NULL
2382,IS NULL
2383,IS NULL
2384,IS NULL
2385,IS NULL
2386,IS NULL
2387,Competitor
2388,IS NULL
2389,Client service
2390,IS NULL
2391,IS NULL
2392,IS NULL
2393,Client service
2394,IS NULL
2395,IS NULL
2396,Competitor
2397,Client service
2398,IS NULL
2399,IS NULL
2400,Price
2401,IS NULL
2402,IS NULL
2403,Competitor
2404,IS NULL
2405,IS NULL
2406,Product quality
2407,IS NULL
2408,IS NULL
2409,IS NULL
2410,IS NULL
2411,IS NULL
2412,IS NULL
2413,IS NULL
2414,IS NULL
2415,IS NULL
2416,IS NULL
2417,IS NULL
2418,IS NULL
2419,IS NULL
2420,IS NULL
2421,IS NULL
2422,IS NULL
2423,IS NULL
2424,IS NULL
2425,IS NULL
2426,IS NULL
2427,IS NULL
2428,Competitor
2429,IS NULL
2430,IS NULL
2431,IS NULL
2432,IS NULL
2433,IS NULL
2434,IS NULL
2435,IS NULL
2436,Client service
2437,IS NULL
2438,IS NULL
2439,Client service
2440,IS NULL
2441,IS NULL
2442,IS NULL
2443,Client service
2444,IS NULL
2445,Price
2446,IS NULL
2447,IS NULL
2448,IS NULL
2449,IS NULL
2450,IS NULL
2451,IS NULL
2452,IS NULL
2453,Product quality
2454,IS NULL
2455,IS NULL
2456,Competitor
2457,IS NULL
2458,IS NULL
2459,IS NULL
2460,Client service
2461,IS NULL
2462,IS NULL
2463,Competitor
2464,IS NULL
2465,IS NULL
2466,IS NULL
2467,IS NULL
2468,IS NULL
2469,IS NULL
2470,Competitor
2471,IS NULL
2472,IS NULL
2473,Competitor
2474,Product quality
2475,IS NULL
2476,IS NULL
2477,IS NULL
2478,IS NULL
2479,IS NULL
2480,IS NULL
2481,Price
2482,IS NULL
2483,Price
2484,IS NULL
2485,IS NULL
2486,IS NULL
2487,IS NULL
2488,Competitor
2489,IS NULL
2490,IS NULL
2491,IS NULL
2492,IS NULL
2493,IS NULL
2494,IS NULL
2495,IS NULL
2496,IS NULL
2497,IS NULL
2498,Client service
2499,IS NULL
2500,IS NULL
2501,IS NULL
2502,IS NULL
2503,IS NULL
2504,Competitor
2505,Competitor
2506,IS NULL
2507,IS NULL
2508,Client service
2509,IS NULL
2510,IS NULL
2511,IS NULL
2512,IS NULL
2513,IS NULL
2514,IS NULL
2515,IS NULL
2516,IS NULL
2517,Price
2518,IS NULL
2519,IS NULL
2520,IS NULL
2521,IS NULL
2522,IS NULL
2523,Competitor
2524,IS NULL
2525,IS NULL
2526,IS NULL
2527,IS NULL
2528,IS NULL
2529,Product quality
2530,IS NULL
2531,IS NULL
2532,Competitor
2533,Competitor
2534,IS NULL
2535,IS NULL
2536,IS NULL
2537,IS NULL
2538,IS NULL
2539,IS NULL
2540,IS NULL
2541,IS NULL
2542,IS NULL
2543,IS NULL
2544,Product quality
2545,IS NULL
2546,IS NULL
2547,Competitor
2548,IS NULL
2549,IS NULL
2550,IS NULL
2551,Client service
2552,IS NULL
2553,IS NULL
2554,IS NULL
2555,IS NULL
2556,IS NULL
2557,Competitor
2558,IS NULL
2559,Product quality
2560,IS NULL
2561,IS NULL
2562,Product quality
2563,IS NULL
2564,Competitor
2565,Price
2566,Client service
2567,IS NULL
2568,Competitor
2569,Competitor
2570,IS NULL
2571,IS NULL
2572,Client service
2573,Other
2574,IS NULL
2575,IS NULL
2576,IS NULL
2577,IS NULL
2578,Competitor
2579,Product quality
2580,IS NULL
2581,IS NULL
2582,IS NULL
2583,IS NULL
2584,IS NULL
2585,IS NULL
2586,IS NULL
2587,IS NULL
2588,IS NULL
2589,IS NULL
2590,Competitor
2591,IS NULL
2592,Price
2593,IS NULL
2594,Other
2595,Other
2596,IS NULL
2597,IS NULL
2598,Client service
2599,IS NULL
2600,IS NULL
2601,Competitor
2602,IS NULL
2603,IS NULL
2604,IS NULL
2605,IS NULL
2606,IS NULL
2607,IS NULL
2608,IS NULL
2609,IS NULL
2610,Client service
2611,IS NULL
2612,IS NULL
2613,Competitor
2614,IS NULL
2615,IS NULL
2616,IS NULL
2617,IS NULL
2618,IS NULL
2619,IS NULL
2620,IS NULL
2621,Competitor
2622,IS NULL
2623,IS NULL
2624,IS NULL
2625,IS NULL
2626,IS NULL
2627,Competitor
2628,IS NULL
2629,IS NULL
2630,IS NULL
2631,IS NULL
2632,Product quality
2633,IS NULL
2634,Competitor
2635,IS NULL
2636,Other
2637,IS NULL
2638,IS NULL
2639,Competitor
2640,IS NULL
2641,Product quality
2642,Client service
2643,Competitor
2644,IS NULL
2645,Other
2646,IS NULL
2647,IS NULL
2648,Competitor
2649,IS NULL
2650,Competitor
2651,IS NULL
2652,Product quality
2653,IS NULL
2654,IS NULL
2655,IS NULL
2656,IS NULL
2657,Product quality
2658,IS NULL
2659,IS NULL
2660,IS NULL
2661,IS NULL
2662,IS NULL
2663,IS NULL
2664,IS NULL
2665,IS NULL
2666,IS NULL
2667,Client service
2668,Competitor
2669,IS NULL
2670,IS NULL
2671,IS NULL
2672,IS NULL
2673,IS NULL
2674,Price
2675,IS NULL
2676,Client service
2677,IS NULL
2678,Competitor
2679,Client service
2680,Price
2681,Client service
2682,IS NULL
2683,IS NULL
2684,IS NULL
2685,IS NULL
2686,IS NULL
2687,IS NULL
2688,Competitor
2689,IS NULL
2690,IS NULL
2691,Product quality
2692,Competitor
2693,IS NULL
2694,IS NULL
2695,IS NULL
2696,Client service
2697,IS NULL
2698,Competitor
2699,IS NULL
2700,IS NULL
2701,Competitor
2702,IS NULL
2703,IS NULL
2704,IS NULL
2705,IS NULL
2706,IS NULL
2707,IS NULL
2708,IS NULL
2709,Competitor
2710,IS NULL
2711,Competitor
2712,Competitor
2713,IS NULL
2714,IS NULL
2715,IS NULL
2716,IS NULL
2717,IS NULL
2718,Client service
2719,Competitor
2720,IS NULL
2721,Other
2722,IS NULL
2723,IS NULL
2724,Competitor
2725,Client service
2726,IS NULL
2727,IS NULL
2728,Client service
2729,IS NULL
2730,Competitor
2731,IS NULL
2732,IS NULL
2733,IS NULL
2734,IS NULL
2735,Product quality
2736,IS NULL
2737,IS NULL
2738,IS NULL
2739,IS NULL
2740,IS NULL
2741,IS NULL
2742,Client service
2743,Product quality
2744,IS NULL
2745,IS NULL
2746,Competitor
2747,IS NULL
2748,IS NULL
2749,IS NULL
2750,IS NULL
2751,IS NULL
2752,IS NULL
2753,IS NULL
2754,IS NULL
2755,IS NULL
2756,Client service
2757,Other
2758,IS NULL
2759,Other
2760,IS NULL
2761,Product quality
2762,IS NULL
2763,IS NULL
2764,Product quality
2765,IS NULL
2766,IS NULL
2767,IS NULL
2768,IS NULL
2769,Other
2770,Price
2771,IS NULL
2772,Client service
2773,IS NULL
2774,IS NULL
2775,Other
2776,IS NULL
2777,IS NULL
2778,IS NULL
2779,IS NULL
2780,IS NULL
2781,IS NULL
2782,Competitor
2783,IS NULL
2784,IS NULL
2785,IS NULL
2786,IS NULL
2787,IS NULL
2788,IS NULL
2789,IS NULL
2790,IS NULL
2791,IS NULL
2792,IS NULL
2793,Competitor
2794,IS NULL
2795,IS NULL
2796,IS NULL
2797,IS NULL
2798,IS NULL
2799,IS NULL
2800,IS NULL
2801,Competitor
2802,IS NULL
2803,IS NULL
2804,Client service
2805,Competitor
2806,Competitor
2807,IS NULL
2808,IS NULL
2809,Product quality
2810,IS NULL
2811,IS NULL
2812,IS NULL
2813,IS NULL
2814,IS NULL
2815,IS NULL
2816,IS NULL
2817,IS NULL
2818,Competitor
2819,IS NULL
2820,IS NULL
2821,IS NULL
2822,IS NULL
2823,IS NULL
2824,Competitor
2825,Competitor
2826,IS NULL
2827,IS NULL
2828,IS NULL
2829,IS NULL
2830,Client service
2831,IS NULL
2832,IS NULL
2833,IS NULL
2834,IS NULL
2835,Product quality
2836,IS NULL
2837,Price
2838,IS NULL
2839,IS NULL
2840,IS NULL
2841,IS NULL
2842,IS NULL
2843,IS NULL
2844,IS NULL
2845,IS NULL
2846,IS NULL
2847,IS NULL
2848,IS NULL
2849,IS NULL
2850,IS NULL
2851,IS NULL
2852,IS NULL
2853,Product quality
2854,IS NULL
2855,IS NULL
2856,Product quality
2857,IS NULL
2858,Price
2859,IS NULL
2860,IS NULL
2861,IS NULL
2862,IS NULL
2863,Other
2864,Competitor
2865,IS NULL
2866,Client service
2867,IS NULL
2868,IS NULL
2869,Client service
2870,Competitor
2871,IS NULL
2872,IS NULL
2873,IS NULL
2874,Competitor
2875,IS NULL
2876,IS NULL
2877,IS NULL
2878,Competitor
2879,IS NULL
2880,Other
2881,IS NULL
2882,Competitor
2883,IS NULL
2884,Client service
2885,IS NULL
2886,IS NULL
2887,IS NULL
2888,IS NULL
2889,IS NULL
2890,Client service
2891,IS NULL
2892,IS NULL
2893,IS NULL
2894,IS NULL
2895,IS NULL
2896,Competitor
2897,IS NULL
2898,IS NULL
2899,IS NULL
2900,IS NULL
2901,IS NULL
2902,IS NULL
2903,IS NULL
2904,IS NULL
2905,IS NULL
2906,IS NULL
2907,IS NULL
2908,IS NULL
2909,Client service
2910,Client service
2911,Price
2912,Client service
2913,Client service
2914,Competitor
2915,IS NULL
2916,Competitor
2917,IS NULL
2918,Client service
2919,IS NULL
2920,IS NULL
2921,IS NULL
2922,Other
2923,IS NULL
2924,IS NULL
2925,IS NULL
2926,IS NULL
2927,IS NULL
2928,IS NULL
2929,Price
2930,Client service
2931,IS NULL
2932,IS NULL
2933,Competitor
2934,IS NULL
2935,IS NULL
2936,IS NULL
2937,Competitor
2938,IS NULL
2939,Competitor
2940,IS NULL
2941,Competitor
2942,IS NULL
2943,IS NULL
2944,IS NULL
2945,IS NULL
2946,Client service
2947,IS NULL
2948,IS NULL
2949,Product quality
2950,IS NULL
2951,Other
2952,Competitor
2953,Client service
2954,IS NULL
2955,IS NULL
2956,IS NULL
2957,IS NULL
2958,IS NULL
2959,IS NULL
2960,Competitor
2961,Product quality
2962,IS NULL
2963,IS NULL
2964,IS NULL
2965,IS NULL
2966,Other
2967,IS NULL
2968,Client service
2969,IS NULL
2970,IS NULL
2971,Client service
2972,Competitor
2973,Client service
2974,IS NULL
2975,Competitor
2976,IS NULL
2977,Price
2978,IS NULL
2979,IS NULL
2980,IS NULL
2981,IS NULL
2982,Other
2983,IS NULL
2984,Competitor
2985,IS NULL
2986,IS NULL
2987,IS NULL
2988,IS NULL
2989,Competitor
2990,Product quality
2991,IS NULL
2992,Client service
2993,Competitor
2994,Competitor
2995,IS NULL
2996,IS NULL
2997,IS NULL
2998,IS NULL
2999,IS NULL
3000,IS NULL
3001,IS NULL
3002,IS NULL
3003,IS NULL
3004,IS NULL
3005,IS NULL
3006,IS NULL
3007,IS NULL
3008,IS NULL
3009,Client service
3010,IS NULL
3011,IS NULL
3012,IS NULL
3013,IS NULL
3014,IS NULL
3015,Price
3016,IS NULL
3017,Competitor
3018,IS NULL
3019,IS NULL
3020,Competitor
3021,IS NULL
3022,IS NULL
3023,Product quality
3024,IS NULL
3025,IS NULL
3026,Price
3027,IS NULL
3028,IS NULL
3029,IS NULL
3030,IS NULL
3031,IS NULL
3032,IS NULL
3033,IS NULL
3034,Competitor
3035,IS NULL
3036,IS NULL
3037,Client service
3038,IS NULL
3039,Price
3040,IS NULL
3041,IS NULL
3042,Price
3043,IS NULL
3044,IS NULL
3045,IS NULL
3046,Competitor
3047,IS NULL
3048,Client service
3049,IS NULL
3050,IS NULL
3051,IS NULL
3052,IS NULL
3053,Client service
3054,IS NULL
3055,Competitor
3056,IS NULL
3057,IS NULL
3058,IS NULL
3059,IS NULL
3060,IS NULL
3061,IS NULL
3062,IS NULL
3063,Competitor
3064,IS NULL
3065,IS NULL
3066,Client service
3067,IS NULL
3068,Competitor
3069,IS NULL
3070,IS NULL
3071,IS NULL
3072,IS NULL
3073,IS NULL
3074,IS NULL
3075,Competitor
3076,IS NULL
3077,IS NULL
3078,Competitor
3079,Competitor
3080,Competitor
3081,IS NULL
3082,IS NULL
3083,IS NULL
3084,IS NULL
3085,IS NULL
3086,Client service
3087,Price
3088,IS NULL
3089,IS NULL
3090,Competitor
3091,IS NULL
3092,IS NULL
3093,Competitor
3094,Competitor
3095,Client service
3096,IS NULL
3097,Competitor
3098,IS NULL
3099,IS NULL
3100,IS NULL
3101,Competitor
3102,IS NULL
3103,IS NULL
3104,IS NULL
3105,IS NULL
3106,IS NULL
3107,IS NULL
3108,IS NULL
3109,IS NULL
3110,IS NULL
3111,IS NULL
3112,IS NULL
3113,Client service
3114,IS NULL
3115,IS NULL
3116,IS NULL
3117,Client service
3118,IS NULL
3119,IS NULL
3120,IS NULL
3121,IS NULL
3122,IS NULL
3123,IS NULL
3124,IS NULL
3125,IS NULL
3126,Product quality
3127,Other
3128,IS NULL
3129,IS NULL
3130,IS NULL
3131,Price
3132,Other
3133,IS NULL
3134,IS NULL
3135,Client service
3136,IS NULL
3137,IS NULL
3138,Client service
3139,IS NULL
3140,Competitor
3141,IS NULL
3142,Product quality
3143,Client service
3144,Other
3145,IS NULL
3146,Client service
3147,IS NULL
3148,IS NULL
3149,IS NULL
3150,IS NULL
3151,IS NULL
3152,Product quality
3153,IS NULL
3154,IS NULL
3155,IS NULL
3156,IS NULL
3157,IS NULL
3158,Client service
3159,IS NULL
3160,IS NULL
3161,IS NULL
3162,IS NULL
3163,IS NULL
3164,IS NULL
3165,IS NULL
3166,Client service
3167,IS NULL
3168,IS NULL
3169,IS NULL
3170,Competitor
3171,Competitor
3172,Client service
3173,IS NULL
3174,Competitor
3175,Competitor
3176,IS NULL
3177,Competitor
3178,IS NULL
3179,Price
3180,IS NULL
3181,IS NULL
3182,IS NULL
3183,IS NULL
3184,Client service
3185,IS NULL
3186,Competitor
3187,IS NULL
3188,IS NULL
3189,IS NULL
3190,IS NULL
3191,Competitor
3192,IS NULL
3193,Competitor
3194,IS NULL
3195,Other
3196,IS NULL
3197,Competitor
3198,IS NULL
3199,IS NULL
3200,Product quality
3201,Client service
3202,Competitor
3203,Price
3204,IS NULL
3205,Client service
3206,Client service
3207,Client service
3208,Product quality
3209,IS NULL
3210,Competitor
3211,Competitor
3212,IS NULL
3213,IS NULL
3214,IS NULL
3215,IS NULL
3216,Client service
3217,Competitor
3218,IS NULL
3219,IS NULL
3220,IS NULL
3221,IS NULL
3222,IS NULL
3223,IS NULL
3224,Competitor
3225,IS NULL
3226,IS NULL
3227,Competitor
3228,IS NULL
3229,IS NULL
3230,Product quality
3231,Competitor
3232,Product quality
3233,Competitor
3234,IS NULL
3235,IS NULL
3236,IS NULL
3237,IS NULL
3238,IS NULL
3239,IS NULL
3240,IS NULL
3241,Price
3242,IS NULL
3243,Competitor
3244,IS NULL
3245,IS NULL
3246,IS NULL
3247,IS NULL
3248,IS NULL
3249,IS NULL
3250,IS NULL
3251,Other
3252,IS NULL
3253,IS NULL
3254,IS NULL
3255,IS NULL
3256,IS NULL
3257,IS NULL
3258,Competitor
3259,Price
3260,IS NULL
3261,IS NULL
3262,Competitor
3263,IS NULL
3264,Product quality
3265,IS NULL
3266,IS NULL
3267,Competitor
3268,IS NULL
3269,IS NULL
3270,IS NULL
3271,IS NULL
3272,IS NULL
3273,IS NULL
3274,Competitor
3275,IS NULL
3276,IS NULL
3277,IS NULL
3278,IS NULL
3279,IS NULL
3280,IS NULL
3281,IS NULL
3282,Competitor
3283,IS NULL
3284,IS NULL
3285,IS NULL
3286,IS NULL
3287,Competitor
3288,Competitor
3289,IS NULL
3290,IS NULL
3291,IS NULL
3292,Client service
3293,IS NULL
3294,Client service
3295,IS NULL
3296,Competitor
3297,IS NULL
3298,Competitor
3299,Price
3300,IS NULL
3301,IS NULL
3302,IS NULL
3303,IS NULL
3304,Competitor
3305,IS NULL
3306,IS NULL
3307,IS NULL
3308,Price
3309,IS NULL
3310,IS NULL
3311,IS NULL
3312,IS NULL
3313,IS NULL
3314,IS NULL
3315,IS NULL
3316,Client service
3317,IS NULL
3318,IS NULL
3319,IS NULL
3320,IS NULL
3321,Competitor
3322,IS NULL
3323,IS NULL
3324,Competitor
3325,IS NULL
3326,IS NULL
3327,IS NULL
3328,IS NULL
3329,IS NULL
3330,IS NULL
3331,Client service
3332,IS NULL
3333,IS NULL
3334,Other
3335,IS NULL
3336,Competitor
3337,IS NULL
3338,IS NULL
3339,IS NULL
3340,Competitor
3341,IS NULL
3342,Competitor
3343,Competitor
3344,Competitor
3345,IS NULL
3346,IS NULL
3347,IS NULL
3348,IS NULL
3349,IS NULL
3350,IS NULL
3351,IS NULL
3352,IS NULL
3353,IS NULL
3354,IS NULL
3355,IS NULL
3356,Competitor
3357,Competitor
3358,Price
3359,Competitor
3360,Competitor
3361,IS NULL
3362,IS NULL
3363,Client service
3364,IS NULL
3365,Client service
3366,Competitor
3367,IS NULL
3368,IS NULL
3369,Product quality
3370,IS NULL
3371,IS NULL
3372,IS NULL
3373,Product quality
3374,Competitor
3375,IS NULL
3376,IS NULL
3377,IS NULL
3378,IS NULL
3379,IS NULL
3380,IS NULL
3381,IS NULL
3382,Competitor
3383,Competitor
3384,IS NULL
3385,IS NULL
3386,Client service
3387,Product quality
3388,Client service
3389,Client service
3390,IS NULL
3391,IS NULL
3392,IS NULL
3393,IS NULL
3394,Price
3395,Client service
3396,Price
3397,IS NULL
3398,IS NULL
3399,IS NULL
3400,IS NULL
3401,IS NULL
3402,Competitor
3403,IS NULL
3404,IS NULL
3405,IS NULL
3406,IS NULL
3407,Price
3408,IS NULL
3409,IS NULL
3410,Other
3411,IS NULL
3412,IS NULL
3413,IS NULL
3414,IS NULL
3415,IS NULL
3416,IS NULL
3417,IS NULL
3418,Competitor
3419,Price
3420,Product quality
3421,IS NULL
3422,IS NULL
3423,IS NULL
3424,IS NULL
3425,Client service
3426,IS NULL
3427,IS NULL
3428,Competitor
3429,IS NULL
3430,IS NULL
3431,IS NULL
3432,IS NULL
3433,IS NULL
3434,Client service
3435,IS NULL
3436,IS NULL
3437,Competitor
3438,Client service
3439,IS NULL
3440,IS NULL
3441,IS NULL
3442,IS NULL
3443,IS NULL
3444,IS NULL
3445,Other
3446,IS NULL
3447,IS NULL
3448,IS NULL
3449,IS NULL
3450,IS NULL
3451,Price
3452,IS NULL
3453,Competitor
3454,IS NULL
3455,Client service
3456,IS NULL
3457,Client service
3458,IS NULL
3459,Competitor
3460,Competitor
3461,IS NULL
3462,IS NULL
3463,IS NULL
3464,Product quality
3465,Other
3466,Client service
3467,IS NULL
3468,Competitor
3469,IS NULL
3470,IS NULL
3471,Other
3472,Competitor
3473,Competitor
3474,IS NULL
3475,IS NULL
3476,Product quality
3477,IS NULL
3478,IS NULL
3479,Price
3480,IS NULL
3481,IS NULL
3482,IS NULL
3483,IS NULL
3484,IS NULL
3485,IS NULL
3486,IS NULL
3487,IS NULL
3488,IS NULL
3489,IS NULL
3490,IS NULL
3491,Client service
3492,IS NULL
3493,IS NULL
3494,IS NULL
3495,IS NULL
3496,Product quality
3497,Competitor
3498,IS NULL
3499,IS NULL
3500,IS NULL
3501,IS NULL
3502,Other
3503,Competitor
3504,Price
3505,IS NULL
3506,IS NULL
3507,Competitor
3508,IS NULL
3509,IS NULL
3510,IS NULL
3511,IS NULL
3512,IS NULL
3513,IS NULL
3514,IS NULL
3515,IS NULL
3516,IS NULL
3517,IS NULL
3518,Client service
3519,IS NULL
3520,IS NULL
3521,IS NULL
3522,IS NULL
3523,IS NULL
3524,IS NULL
3525,IS NULL
3526,IS NULL
3527,IS NULL
3528,IS NULL
3529,IS NULL
3530,IS NULL
3531,IS NULL
3532,Competitor
3533,IS NULL
3534,IS NULL
3535,Product quality
3536,IS NULL
3537,IS NULL
3538,IS NULL
3539,IS NULL
3540,IS NULL
3541,IS NULL
3542,Competitor
3543,IS NULL
3544,IS NULL
3545,IS NULL
3546,Competitor
3547,Product quality
3548,IS NULL
3549,Product quality
3550,Price
3551,IS NULL
3552,IS NULL
3553,IS NULL
3554,IS NULL
3555,IS NULL
3556,IS NULL
3557,IS NULL
3558,IS NULL
3559,IS NULL
3560,IS NULL
3561,Competitor
3562,Price
3563,IS NULL
3564,Client service
3565,Competitor
3566,IS NULL
3567,IS NULL
3568,IS NULL
3569,Client service
3570,IS NULL
3571,IS NULL
3572,IS NULL
3573,IS NULL
3574,IS NULL
3575,IS NULL
3576,IS NULL
3577,IS NULL
3578,IS NULL
3579,IS NULL
3580,IS NULL
3581,Competitor
3582,IS NULL
3583,IS NULL
3584,IS NULL
3585,Competitor
3586,IS NULL
3587,IS NULL
3588,Product quality
3589,IS NULL
3590,Product quality
3591,IS NULL
3592,IS NULL
3593,IS NULL
3594,IS NULL
3595,Competitor
3596,IS NULL
3597,Competitor
3598,Competitor
3599,Competitor
3600,IS NULL
3601,IS NULL
3602,IS NULL
3603,IS NULL
3604,IS NULL
3605,IS NULL
3606,IS NULL
3607,IS NULL
3608,IS NULL
3609,IS NULL
3610,IS NULL
3611,IS NULL
3612,IS NULL
3613,IS NULL
3614,IS NULL
3615,IS NULL
3616,Price
3617,IS NULL
3618,IS NULL
3619,IS NULL
3620,IS NULL
3621,Product quality
3622,IS NULL
3623,IS NULL
3624,IS NULL
3625,Competitor
3626,IS NULL
3627,Competitor
3628,IS NULL
3629,IS NULL
3630,Other
3631,Client service
3632,IS NULL
3633,IS NULL
3634,IS NULL
3635,IS NULL
3636,IS NULL
3637,IS NULL
3638,IS NULL
3639,IS NULL
3640,IS NULL
3641,IS NULL
3642,IS NULL
3643,IS NULL
3644,IS NULL
3645,IS NULL
3646,Competitor
3647,IS NULL
3648,IS NULL
3649,IS NULL
3650,Competitor
3651,IS NULL
3652,IS NULL
3653,IS NULL
3654,Client service
3655,Competitor
3656,IS NULL
3657,IS NULL
3658,IS NULL
3659,IS NULL
3660,IS NULL
3661,IS NULL
3662,IS NULL
3663,IS NULL
3664,IS NULL
3665,Product quality
3666,Product quality
3667,IS NULL
3668,IS NULL
3669,IS NULL
3670,IS NULL
3671,IS NULL
3672,Price
3673,Other
3674,IS NULL
3675,IS NULL
3676,IS NULL
3677,IS NULL
3678,IS NULL
3679,Price
3680,IS NULL
3681,Competitor
3682,IS NULL
3683,IS NULL
3684,Client service
3685,IS NULL
3686,IS NULL
3687,IS NULL
3688,IS NULL
3689,IS NULL
3690,IS NULL
3691,IS NULL
3692,IS NULL
3693,IS NULL
3694,IS NULL
3695,Product quality
3696,IS NULL
3697,IS NULL
3698,Competitor
3699,IS NULL
3700,IS NULL
3701,IS NULL
3702,IS NULL
3703,Competitor
3704,IS NULL
3705,IS NULL
3706,IS NULL
3707,IS NULL
3708,IS NULL
3709,Product quality
3710,IS NULL
3711,IS NULL
3712,IS NULL
3713,IS NULL
3714,IS NULL
3715,IS NULL
3716,Competitor
3717,IS NULL
3718,Client service
3719,IS NULL
3720,IS NULL
3721,IS NULL
3722,Competitor
3723,Competitor
3724,IS NULL
3725,IS NULL
3726,Competitor
3727,IS NULL
3728,IS NULL
3729,Client service
3730,IS NULL
3731,IS NULL
3732,IS NULL
3733,IS NULL
3734,IS NULL
3735,IS NULL
3736,IS NULL
3737,Competitor
3738,IS NULL
3739,IS NULL
3740,IS NULL
3741,IS NULL
3742,Price
3743,IS NULL
3744,IS NULL
3745,Competitor
3746,Price
3747,Product quality
3748,IS NULL
3749,Competitor
3750,IS NULL
3751,IS NULL
3752,Client service
3753,IS NULL
3754,Competitor
3755,Other
3756,IS NULL
3757,IS NULL
3758,Other
3759,IS NULL
3760,IS NULL
3761,IS NULL
3762,IS NULL
3763,Price
3764,Product quality
3765,Competitor
3766,IS NULL
3767,IS NULL
3768,IS NULL
3769,Price
3770,IS NULL
3771,IS NULL
3772,IS NULL
3773,IS NULL
3774,IS NULL
3775,IS NULL
3776,IS NULL
3777,IS NULL
3778,IS NULL
3779,IS NULL
3780,Other
3781,IS NULL
3782,IS NULL
3783,IS NULL
3784,IS NULL
3785,IS NULL
3786,IS NULL
3787,IS NULL
3788,IS NULL
3789,IS NULL
3790,IS NULL
3791,IS NULL
3792,IS NULL
3793,IS NULL
3794,IS NULL
3795,IS NULL
3796,IS NULL
3797,IS NULL
3798,IS NULL
3799,IS NULL
3800,IS NULL
3801,IS NULL
3802,IS NULL
3803,IS NULL
3804,Competitor
3805,IS NULL
3806,IS NULL
3807,IS NULL
3808,IS NULL
3809,Competitor
3810,Client service
3811,IS NULL
3812,IS NULL
3813,Product quality
3814,Competitor
3815,IS NULL
3816,Other
3817,IS NULL
3818,IS NULL
3819,IS NULL
3820,IS NULL
3821,Product quality
3822,IS NULL
3823,Competitor
3824,IS NULL
3825,IS NULL
3826,Price
3827,Other
3828,Competitor
3829,IS NULL
3830,IS NULL
3831,IS NULL
3832,Product quality
3833,IS NULL
3834,Competitor
3835,IS NULL
3836,IS NULL
3837,Product quality
3838,IS NULL
3839,IS NULL
3840,Client service
3841,IS NULL
3842,Competitor
3843,IS NULL
3844,IS NULL
3845,IS NULL
3846,IS NULL
3847,IS NULL
3848,IS NULL
3849,IS NULL
3850,IS NULL
3851,IS NULL
3852,Competitor
3853,IS NULL
3854,Price
3855,Competitor
3856,IS NULL
3857,IS NULL
3858,IS NULL
3859,IS NULL
3860,IS NULL
3861,IS NULL
3862,Client service
3863,IS NULL
3864,IS NULL
3865,IS NULL
3866,IS NULL
3867,Client service
3868,Competitor
3869,IS NULL
3870,IS NULL
3871,Price
3872,Competitor
3873,IS NULL
3874,IS NULL
3875,IS NULL
3876,IS NULL
3877,Price
3878,IS NULL
3879,IS NULL
3880,IS NULL
3881,IS NULL
3882,IS NULL
3883,IS NULL
3884,Product quality
3885,IS NULL
3886,IS NULL
3887,IS NULL
3888,Competitor
3889,IS NULL
3890,IS NULL
3891,IS NULL
3892,IS NULL
3893,IS NULL
3894,Client service
3895,Competitor
3896,IS NULL
3897,IS NULL
3898,Competitor
3899,Competitor
3900,IS NULL
3901,IS NULL
3902,Price
3903,Competitor
3904,Other
3905,IS NULL
3906,IS NULL
3907,IS NULL
3908,Price
3909,IS NULL
3910,IS NULL
3911,Competitor
3912,IS NULL
3913,IS NULL
3914,Client service
3915,IS NULL
3916,IS NULL
3917,Product quality
3918,Competitor
3919,IS NULL
3920,Price
3921,IS NULL
3922,Product quality
3923,Competitor
3924,IS NULL
3925,IS NULL
3926,IS NULL
3927,IS NULL
3928,IS NULL
3929,IS NULL
3930,IS NULL
3931,Competitor
3932,Competitor
3933,IS NULL
3934,IS NULL
3935,Competitor
3936,IS NULL
3937,IS NULL
3938,IS NULL
3939,IS NULL
3940,IS NULL
3941,IS NULL
3942,IS NULL
3943,Product quality
3944,Client service
3945,IS NULL
3946,IS NULL
3947,Price
3948,IS NULL
3949,IS NULL
3950,Product quality
3951,Other
3952,IS NULL
3953,IS NULL
3954,Competitor
3955,IS NULL
3956,IS NULL
3957,Product quality
3958,Competitor
3959,Client service
3960,Competitor
3961,IS NULL
3962,IS NULL
3963,IS NULL
3964,Other
3965,IS NULL
3966,IS NULL
3967,Other
3968,Other
3969,Other
3970,IS NULL
3971,IS NULL
3972,Price
3973,IS NULL
3974,IS NULL
3975,IS NULL
3976,IS NULL
3977,IS NULL
3978,IS NULL
3979,IS NULL
3980,IS NULL
3981,Competitor
3982,IS NULL
3983,IS NULL
3984,Client service
3985,IS NULL
3986,IS NULL
3987,IS NULL
3988,Price
3989,IS NULL
3990,IS NULL
3991,IS NULL
3992,IS NULL
3993,IS NULL
3994,IS NULL
3995,IS NULL
3996,IS NULL
3997,IS NULL
3998,IS NULL
3999,IS NULL
4000,Client service
4001,IS NULL
4002,IS NULL
4003,Client service
4004,IS NULL
4005,Product quality
4006,Competitor
4007,Competitor
4008,IS NULL
4009,IS NULL
4010,IS NULL
4011,IS NULL
4012,IS NULL
4013,IS NULL
4014,Client service
4015,IS NULL
4016,IS NULL
4017,IS NULL
4018,IS NULL
4019,IS NULL
4020,IS NULL
4021,Competitor
4022,IS NULL
4023,IS NULL
4024,Client service
4025,Other
4026,IS NULL
4027,IS NULL
4028,IS NULL
4029,IS NULL
4030,IS NULL
4031,Competitor
4032,IS NULL
4033,Client service
4034,Competitor
4035,Product quality
4036,IS NULL
4037,IS NULL
4038,IS NULL
4039,IS NULL
4040,IS NULL
4041,Product quality
4042,IS NULL
4043,Price
4044,IS NULL
4045,IS NULL
4046,IS NULL
4047,IS NULL
4048,IS NULL
4049,IS NULL
4050,IS NULL
4051,Product quality
4052,IS NULL
4053,Other
4054,IS NULL
4055,IS NULL
4056,Product quality
4057,IS NULL
4058,IS NULL
4059,IS NULL
4060,IS NULL
4061,IS NULL
4062,IS NULL
4063,Competitor
4064,IS NULL
4065,IS NULL
4066,IS NULL
4067,IS NULL
4068,IS NULL
4069,IS NULL
4070,IS NULL
4071,Competitor
4072,Competitor
4073,IS NULL
4074,IS NULL
4075,IS NULL
4076,IS NULL
4077,Competitor
4078,IS NULL
4079,IS NULL
4080,IS NULL
4081,IS NULL
4082,IS NULL
4083,Competitor
4084,Product quality
4085,IS NULL
4086,IS NULL
4087,IS NULL
4088,IS NULL
4089,IS NULL
4090,IS NULL
4091,IS NULL
4092,IS NULL
4093,IS NULL
4094,IS NULL
4095,IS NULL
4096,IS NULL
4097,IS NULL
4098,IS NULL
4099,IS NULL
4100,IS NULL
4101,Competitor
4102,IS NULL
4103,IS NULL
4104,IS NULL
4105,IS NULL
4106,IS NULL
4107,Other
4108,IS NULL
4109,IS NULL
4110,Competitor
4111,IS NULL
4112,IS NULL
4113,IS NULL
4114,IS NULL
4115,IS NULL
4116,IS NULL
4117,IS NULL
4118,IS NULL
4119,Client service
4120,IS NULL
4121,IS NULL
4122,IS NULL
4123,IS NULL
4124,Other
4125,Competitor
4126,Competitor
4127,IS NULL
4128,IS NULL
4129,IS NULL
4130,Competitor
4131,IS NULL
4132,IS NULL
4133,IS NULL
4134,IS NULL
4135,IS NULL
4136,IS NULL
4137,IS NULL
4138,IS NULL
4139,IS NULL
4140,IS NULL
4141,IS NULL
4142,IS NULL
4143,IS NULL
4144,IS NULL
4145,IS NULL
4146,IS NULL
4147,IS NULL
4148,IS NULL
4149,Client service
4150,IS NULL
4151,Product quality
4152,IS NULL
4153,IS NULL
4154,Competitor
4155,Client service
4156,IS NULL
4157,IS NULL
4158,IS NULL
4159,IS NULL
4160,Competitor
4161,IS NULL
4162,Competitor
4163,IS NULL
4164,IS NULL
4165,Price
4166,Competitor
4167,IS NULL
4168,IS NULL
4169,IS NULL
4170,Competitor
4171,IS NULL
4172,IS NULL
4173,Competitor
4174,IS NULL
4175,IS NULL
4176,IS NULL
4177,Client service
4178,IS NULL
4179,Competitor
4180,Price
4181,IS NULL
4182,Competitor
4183,IS NULL
4184,IS NULL
4185,IS NULL
4186,IS NULL
4187,IS NULL
4188,IS NULL
4189,IS NULL
4190,IS NULL
4191,Competitor
4192,IS NULL
4193,IS NULL
4194,Client service
4195,Competitor
4196,IS NULL
4197,IS NULL
4198,IS NULL
4199,IS NULL
4200,Client service
4201,IS NULL
4202,IS NULL
4203,IS NULL
4204,IS NULL
4205,IS NULL
4206,IS NULL
4207,Client service
4208,Competitor
4209,IS NULL
4210,IS NULL
4211,IS NULL
4212,IS NULL
4213,Price
4214,IS NULL
4215,Product quality
4216,IS NULL
4217,IS NULL
4218,IS NULL
4219,IS NULL
4220,Price
4221,Product quality
4222,IS NULL
4223,Price
4224,IS NULL
4225,Competitor
4226,IS NULL
4227,IS NULL
4228,IS NULL
4229,IS NULL
4230,IS NULL
4231,IS NULL
4232,IS NULL
4233,IS NULL
4234,IS NULL
4235,Product quality
4236,IS NULL
4237,IS NULL
4238,Competitor
4239,Competitor
4240,IS NULL
4241,IS NULL
4242,IS NULL
4243,IS NULL
4244,IS NULL
4245,IS NULL
4246,IS NULL
4247,IS NULL
4248,IS NULL
4249,IS NULL
4250,IS NULL
4251,IS NULL
4252,IS NULL
4253,Price
4254,IS NULL
4255,IS NULL
4256,IS NULL
4257,IS NULL
4258,IS NULL
4259,IS NULL
4260,IS NULL
4261,Other
4262,IS NULL
4263,Competitor
4264,IS NULL
4265,Other
4266,IS NULL
4267,IS NULL
4268,IS NULL
4269,IS NULL
4270,Product quality
4271,IS NULL
4272,IS NULL
4273,Competitor
4274,IS NULL
4275,Competitor
4276,IS NULL
4277,Competitor
4278,IS NULL
4279,IS NULL
4280,Competitor
4281,IS NULL
4282,Competitor
4283,Competitor
4284,IS NULL
4285,Competitor
4286,IS NULL
4287,IS NULL
4288,IS NULL
4289,Competitor
4290,IS NULL
4291,IS NULL
4292,Competitor
4293,IS NULL
4294,IS NULL
4295,IS NULL
4296,IS NULL
4297,IS NULL
4298,IS NULL
4299,Competitor
4300,IS NULL
4301,IS NULL
4302,IS NULL
4303,IS NULL
4304,IS NULL
4305,IS NULL
4306,IS NULL
4307,IS NULL
4308,IS NULL
4309,IS NULL
4310,IS NULL
4311,IS NULL
4312,IS NULL
4313,IS NULL
4314,IS NULL
4315,Client service
4316,Other
4317,IS NULL
4318,IS NULL
4319,IS NULL
4320,IS NULL
4321,IS NULL
4322,Competitor
4323,IS NULL
4324,Other
4325,Product quality
4326,IS NULL
4327,IS NULL
4328,IS NULL
4329,Client service
4330,Competitor
4331,IS NULL
4332,IS NULL
4333,IS NULL
4334,IS NULL
4335,IS NULL
4336,IS NULL
4337,IS NULL
4338,Competitor
4339,IS NULL
4340,IS NULL
4341,IS NULL
4342,Client service
4343,IS NULL
4344,IS NULL
4345,Competitor
4346,IS NULL
4347,IS NULL
4348,IS NULL
4349,IS NULL
4350,IS NULL
4351,IS NULL
4352,IS NULL
4353,IS NULL
4354,IS NULL
4355,IS NULL
4356,Competitor
4357,Product quality
4358,Client service
4359,IS NULL
4360,IS NULL
4361,IS NULL
4362,IS NULL
4363,IS NULL
4364,Competitor
4365,IS NULL
4366,IS NULL
4367,Price
4368,IS NULL
4369,IS NULL
4370,Competitor
4371,IS NULL
4372,Competitor
4373,IS NULL
4374,IS NULL
4375,IS NULL
4376,IS NULL
4377,Competitor
4378,IS NULL
4379,Product quality
4380,IS NULL
4381,IS NULL
4382,IS NULL
4383,IS NULL
4384,Competitor
4385,Competitor
4386,IS NULL
4387,IS NULL
4388,IS NULL
4389,IS NULL
4390,IS NULL
4391,IS NULL
4392,IS NULL
4393,IS NULL
4394,IS NULL
4395,IS NULL
4396,IS NULL
4397,IS NULL
4398,IS NULL
4399,IS NULL
4400,IS NULL
4401,IS NULL
4402,Client service
4403,Client service
4404,Competitor
4405,IS NULL
4406,IS NULL
4407,IS NULL
4408,Product quality
4409,IS NULL
4410,IS NULL
4411,IS NULL
4412,IS NULL
4413,Price
4414,IS NULL
4415,IS NULL
4416,Competitor
4417,IS NULL
4418,IS NULL
4419,Product quality
4420,IS NULL
4421,IS NULL
4422,IS NULL
4423,IS NULL
4424,Product quality
4425,Competitor
4426,IS NULL
4427,IS NULL
4428,IS NULL
4429,IS NULL
4430,IS NULL
4431,IS NULL
4432,IS NULL
4433,IS NULL
4434,IS NULL
4435,IS NULL
4436,IS NULL
4437,IS NULL
4438,IS NULL
4439,IS NULL
4440,IS NULL
4441,IS NULL
4442,IS NULL
4443,IS NULL
4444,IS NULL
4445,Price
4446,IS NULL
4447,IS NULL
4448,IS NULL
4449,IS NULL
4450,Client service
4451,Client service
4452,IS NULL
4453,IS NULL
4454,IS NULL
4455,Other
4456,IS NULL
4457,IS NULL
4458,IS NULL
4459,IS NULL
4460,IS NULL
4461,IS NULL
4462,Competitor
4463,IS NULL
4464,IS NULL
4465,IS NULL
4466,IS NULL
4467,Product quality
4468,IS NULL
4469,Product quality
4470,IS NULL
4471,Other
4472,Client service
4473,IS NULL
4474,Price
4475,Price
4476,Competitor
4477,Other
4478,IS NULL
4479,IS NULL
4480,IS NULL
4481,Price
4482,Client service
4483,Price
4484,Product quality
4485,Other
4486,Product quality
4487,IS NULL
4488,IS NULL
4489,Competitor
4490,IS NULL
4491,IS NULL
4492,IS NULL
4493,IS NULL
4494,IS NULL
4495,IS NULL
4496,IS NULL
4497,IS NULL
4498,IS NULL
4499,IS NULL
4500,Competitor
4501,Client service
4502,IS NULL
4503,IS NULL
4504,IS NULL
4505,IS NULL
4506,IS NULL
4507,Competitor
4508,IS NULL
4509,Other
4510,IS NULL
4511,Other
4512,IS NULL
4513,IS NULL
4514,IS NULL
4515,Competitor
4516,IS NULL
4517,Product quality
4518,IS NULL
4519,IS NULL
4520,IS NULL
4521,IS NULL
4522,IS NULL
4523,Client service
4524,IS NULL
4525,IS NULL
4526,Other
4527,IS NULL
4528,IS NULL
4529,Product quality
4530,IS NULL
4531,IS NULL
4532,IS NULL
4533,Competitor
4534,IS NULL
4535,Competitor
4536,Other
4537,IS NULL
4538,Client service
4539,Competitor
4540,Product quality
4541,IS NULL
4542,IS NULL
4543,Price
4544,IS NULL
4545,IS NULL
4546,IS NULL
4547,IS NULL
4548,Product quality
4549,Product quality
4550,IS NULL
4551,Competitor
4552,IS NULL
4553,IS NULL
4554,IS NULL
4555,IS NULL
4556,IS NULL
4557,Competitor
4558,IS NULL
4559,Other
4560,IS NULL
4561,IS NULL
4562,Product quality
4563,IS NULL
4564,IS NULL
4565,IS NULL
4566,IS NULL
4567,Client service
4568,Competitor
4569,IS NULL
4570,IS NULL
4571,IS NULL
4572,IS NULL
4573,IS NULL
4574,IS NULL
4575,Client service
4576,Competitor
4577,IS NULL
4578,IS NULL
4579,IS NULL
4580,IS NULL
4581,IS NULL
4582,IS NULL
4583,IS NULL
4584,Competitor
4585,IS NULL
4586,IS NULL
4587,IS NULL
4588,Client service
4589,IS NULL
4590,IS NULL
4591,IS NULL
4592,IS NULL
4593,IS NULL
4594,IS NULL
4595,IS NULL
4596,IS NULL
4597,IS NULL
4598,IS NULL
4599,Competitor
4600,IS NULL
4601,IS NULL
4602,IS NULL
4603,IS NULL
4604,IS NULL
4605,IS NULL
4606,Client service
4607,IS NULL
4608,IS NULL
4609,Client service
4610,IS NULL
4611,Competitor
4612,IS NULL
4613,IS NULL
4614,IS NULL
4615,IS NULL
4616,IS NULL
4617,IS NULL
4618,IS NULL
4619,IS NULL
4620,Price
4621,IS NULL
4622,IS NULL
4623,Other
4624,IS NULL
4625,IS NULL
4626,IS NULL
4627,Other
4628,IS NULL
4629,IS NULL
4630,IS NULL
4631,Price
4632,IS NULL
4633,IS NULL
4634,IS NULL
4635,IS NULL
4636,Competitor
4637,IS NULL
4638,Product quality
4639,IS NULL
4640,IS NULL
4641,IS NULL
4642,IS NULL
4643,IS NULL
4644,IS NULL
4645,IS NULL
4646,IS NULL
4647,IS NULL
4648,Product quality
4649,IS NULL
4650,IS NULL
4651,IS NULL
4652,IS NULL
4653,Competitor
4654,IS NULL
4655,IS NULL
4656,IS NULL
4657,IS NULL
4658,IS NULL
4659,IS NULL
4660,IS NULL
4661,IS NULL
4662,Other
4663,IS NULL
4664,IS NULL
4665,IS NULL
4666,Competitor
4667,IS NULL
4668,IS NULL
4669,IS NULL
4670,IS NULL
4671,IS NULL
4672,IS NULL
4673,Client service
4674,Competitor
4675,IS NULL
4676,Price
4677,Competitor
4678,IS NULL
4679,Competitor
4680,IS NULL
4681,IS NULL
4682,IS NULL
4683,Competitor
4684,IS NULL
4685,IS NULL
4686,IS NULL
4687,IS NULL
4688,IS NULL
4689,Product quality
4690,Client service
4691,IS NULL
4692,IS NULL
4693,Price
4694,IS NULL
4695,IS NULL
4696,IS NULL
4697,IS NULL
4698,IS NULL
4699,IS NULL
4700,IS NULL
4701,IS NULL
4702,IS NULL
4703,IS NULL
4704,Product quality
4705,IS NULL
4706,IS NULL
4707,IS NULL
4708,Competitor
4709,IS NULL
4710,IS NULL
4711,Competitor
4712,IS NULL
4713,Competitor
4714,IS NULL
4715,IS NULL
4716,Competitor
4717,Competitor
4718,IS NULL
4719,IS NULL
4720,IS NULL
4721,IS NULL
4722,Client service
4723,IS NULL
4724,IS NULL
4725,Product quality
4726,IS NULL
4727,IS NULL
4728,IS NULL
4729,IS NULL
4730,IS NULL
4731,Product quality
4732,IS NULL
4733,Client service
4734,IS NULL
4735,IS NULL
4736,IS NULL
4737,IS NULL
4738,Competitor
4739,Other
4740,IS NULL
4741,Competitor
4742,IS NULL
4743,Competitor
4744,IS NULL
4745,IS NULL
4746,Other
4747,Competitor
4748,Product quality
4749,Client service
4750,IS NULL
4751,IS NULL
4752,Product quality
4753,IS NULL
4754,IS NULL
4755,IS NULL
4756,IS NULL
4757,IS NULL
4758,IS NULL
4759,IS NULL
4760,IS NULL
4761,IS NULL
4762,Client service
4763,IS NULL
4764,IS NULL
4765,IS NULL
4766,IS NULL
4767,Competitor
4768,Competitor
4769,Client service
4770,IS NULL
4771,Price
4772,IS NULL
4773,IS NULL
4774,IS NULL
4775,IS NULL
4776,IS NULL
4777,IS NULL
4778,IS NULL
4779,IS NULL
4780,IS NULL
4781,IS NULL
4782,IS NULL
4783,IS NULL
4784,IS NULL
4785,IS NULL
4786,IS NULL
4787,IS NULL
4788,IS NULL
4789,IS NULL
4790,IS NULL
4791,IS NULL
4792,IS NULL
4793,IS NULL
4794,IS NULL
4795,IS NULL
4796,IS NULL
4797,IS NULL
4798,IS NULL
4799,IS NULL
4800,IS NULL
4801,IS NULL
4802,IS NULL
4803,IS NULL
4804,IS NULL
4805,IS NULL
4806,IS NULL
4807,IS NULL
4808,IS NULL
4809,IS NULL
4810,Other
4811,Client service
4812,IS NULL
4813,Client service
4814,Product quality
4815,Product quality
4816,IS NULL
4817,IS NULL
4818,Price
4819,Competitor
4820,IS NULL
4821,IS NULL
4822,IS NULL
4823,IS NULL
4824,IS NULL
4825,IS NULL
4826,IS NULL
4827,IS NULL
4828,Competitor
4829,IS NULL
4830,Competitor
4831,IS NULL
4832,IS NULL
4833,IS NULL
4834,IS NULL
4835,IS NULL
4836,IS NULL
4837,IS NULL
4838,IS NULL
4839,Competitor
4840,Competitor
4841,IS NULL
4842,IS NULL
4843,Product quality
4844,IS NULL
4845,IS NULL
4846,IS NULL
4847,Product quality
4848,IS NULL
4849,IS NULL
4850,IS NULL
4851,IS NULL
4852,Other
4853,IS NULL
4854,IS NULL
4855,Competitor
4856,IS NULL
4857,IS NULL
4858,IS NULL
4859,Competitor
4860,Client service
4861,IS NULL
4862,IS NULL
4863,IS NULL
4864,IS NULL
4865,IS NULL
4866,Client service
4867,IS NULL
4868,IS NULL
4869,IS NULL
4870,Client service
4871,Client service
4872,IS NULL
4873,IS NULL
4874,IS NULL
4875,IS NULL
4876,IS NULL
4877,IS NULL
4878,IS NULL
4879,IS NULL
4880,IS NULL
4881,Competitor
4882,Client service
4883,Product quality
4884,IS NULL
4885,IS NULL
4886,IS NULL
4887,IS NULL
4888,IS NULL
4889,IS NULL
4890,Price
4891,Competitor
4892,IS NULL
4893,Competitor
4894,IS NULL
4895,IS NULL
4896,IS NULL
4897,IS NULL
4898,IS NULL
4899,Client service
4900,Product quality
4901,IS NULL
4902,IS NULL
4903,IS NULL
4904,Competitor
4905,Product quality
4906,IS NULL
4907,IS NULL
4908,IS NULL
4909,Competitor
4910,IS NULL
4911,Client service
4912,IS NULL
4913,IS NULL
4914,IS NULL
4915,IS NULL
4916,IS NULL
4917,IS NULL
4918,IS NULL
4919,IS NULL
4920,IS NULL
4921,Competitor
4922,IS NULL
4923,IS NULL
4924,IS NULL
4925,Client service
4926,IS NULL
4927,IS NULL
4928,IS NULL
4929,IS NULL
4930,IS NULL
4931,Competitor
4932,IS NULL
4933,Competitor
4934,IS NULL
4935,IS NULL
4936,IS NULL
4937,IS NULL
4938,Competitor
4939,IS NULL
4940,Competitor
4941,Competitor
4942,IS NULL
4943,Competitor
4944,IS NULL
4945,IS NULL
4946,IS NULL
4947,IS NULL
4948,IS NULL
4949,IS NULL
4950,IS NULL
4951,IS NULL
4952,IS NULL
4953,IS NULL
4954,IS NULL
4955,IS NULL
4956,Price
4957,IS NULL
4958,IS NULL
4959,IS NULL
4960,Competitor
4961,Client service
4962,IS NULL
4963,Competitor
4964,IS NULL
4965,Client service
4966,IS NULL
4967,Client service
4968,IS NULL
4969,Competitor
4970,IS NULL
4971,IS NULL
4972,IS NULL
4973,IS NULL
4974,IS NULL
4975,Competitor
4976,IS NULL
4977,IS NULL
4978,Price
4979,Product quality
4980,IS NULL
4981,IS NULL
4982,IS NULL
4983,IS NULL
4984,IS NULL
4985,IS NULL
4986,IS NULL
4987,IS NULL
4988,IS NULL
4989,Competitor
4990,IS NULL
4991,IS NULL
4992,IS NULL
4993,IS NULL
4994,IS NULL
4995,IS NULL
4996,IS NULL
4997,Client service
4998,IS NULL
4999,IS NULL
5000,IS NULL
5001,Other
5002,IS NULL
5003,Competitor
5004,IS NULL
5005,IS NULL
5006,IS NULL
5007,IS NULL
5008,IS NULL
5009,IS NULL
5010,IS NULL
5011,IS NULL
5012,IS NULL
5013,IS NULL
5014,IS NULL
5015,IS NULL
5016,IS NULL
5017,IS NULL
5018,IS NULL
5019,Client service
5020,IS NULL
5021,IS NULL
5022,Product quality
5023,Price
5024,IS NULL
5025,IS NULL
5026,IS NULL
5027,Competitor
5028,Competitor
5029,IS NULL
5030,IS NULL
5031,Product quality
5032,IS NULL
5033,IS NULL
5034,IS NULL
5035,IS NULL
5036,Competitor
5037,IS NULL
5038,IS NULL
5039,Client service
5040,IS NULL
5041,Competitor
5042,IS NULL
5043,IS NULL
5044,IS NULL
5045,IS NULL
5046,IS NULL
5047,IS NULL
5048,IS NULL
5049,IS NULL
5050,IS NULL
5051,IS NULL
5052,IS NULL
5053,IS NULL
5054,IS NULL
5055,IS NULL
5056,IS NULL
5057,IS NULL
5058,IS NULL
5059,Client service
5060,IS NULL
5061,IS NULL
5062,IS NULL
5063,Price
5064,IS NULL
5065,Competitor
5066,IS NULL
5067,IS NULL
5068,IS NULL
5069,IS NULL
5070,IS NULL
5071,IS NULL
5072,Competitor
5073,IS NULL
5074,IS NULL
5075,Competitor
5076,IS NULL
5077,IS NULL
5078,IS NULL
5079,Client service
5080,IS NULL
5081,Competitor
5082,IS NULL
5083,IS NULL
5084,IS NULL
5085,Competitor
5086,IS NULL
5087,IS NULL
5088,IS NULL
5089,IS NULL
5090,IS NULL
5091,Other
5092,Competitor
5093,IS NULL
5094,IS NULL
5095,IS NULL
5096,IS NULL
5097,IS NULL
5098,IS NULL
5099,IS NULL
5100,IS NULL
5101,IS NULL
5102,IS NULL
5103,IS NULL
5104,IS NULL
5105,IS NULL
5106,IS NULL
5107,IS NULL
5108,Client service
5109,Client service
5110,IS NULL
5111,IS NULL
5112,IS NULL
5113,IS NULL
5114,IS NULL
5115,IS NULL
5116,IS NULL
5117,IS NULL
5118,Client service
5119,IS NULL
5120,IS NULL
5121,Client service
5122,IS NULL
5123,Competitor
5124,IS NULL
5125,Competitor
5126,Client service
5127,IS NULL
5128,IS NULL
5129,Other
5130,IS NULL
5131,IS NULL
5132,IS NULL
5133,Other
5134,IS NULL
5135,IS NULL
5136,IS NULL
5137,IS NULL
5138,Client service
5139,IS NULL
5140,Competitor
5141,Competitor
5142,Price
5143,Client service
5144,IS NULL
5145,IS NULL
5146,Competitor
5147,IS NULL
5148,IS NULL
5149,IS NULL
5150,IS NULL
5151,IS NULL
5152,IS NULL
5153,IS NULL
5154,Price
5155,Competitor
5156,Competitor
5157,IS NULL
5158,IS NULL
5159,IS NULL
5160,Product quality
5161,Product quality
5162,IS NULL
5163,IS NULL
5164,IS NULL
5165,IS NULL
5166,IS NULL
5167,IS NULL
5168,Product quality
5169,IS NULL
5170,IS NULL
5171,Price
5172,IS NULL
5173,Product quality
5174,IS NULL
5175,IS NULL
5176,IS NULL
5177,Client service
5178,IS NULL
5179,IS NULL
5180,IS NULL
5181,IS NULL
5182,IS NULL
5183,IS NULL
5184,Competitor
5185,Competitor
5186,IS NULL
5187,IS NULL
5188,IS NULL
5189,IS NULL
5190,IS NULL
5191,IS NULL
5192,IS NULL
5193,IS NULL
5194,IS NULL
5195,IS NULL
5196,IS NULL
5197,Competitor
5198,IS NULL
5199,Product quality
5200,IS NULL
5201,IS NULL
5202,IS NULL
5203,IS NULL
5204,Competitor
5205,IS NULL
5206,IS NULL
5207,IS NULL
5208,IS NULL
5209,IS NULL
5210,IS NULL
5211,IS NULL
5212,Competitor
5213,IS NULL
5214,IS NULL
5215,IS NULL
5216,IS NULL
5217,IS NULL
5218,Product quality
5219,IS NULL
5220,IS NULL
5221,IS NULL
5222,IS NULL
5223,IS NULL
5224,IS NULL
5225,IS NULL
5226,IS NULL
5227,IS NULL
5228,Client service
5229,Price
5230,IS NULL
5231,IS NULL
5232,IS NULL
5233,IS NULL
5234,IS NULL
5235,IS NULL
5236,Client service
5237,IS NULL
5238,Competitor
5239,IS NULL
5240,Client service
5241,IS NULL
5242,IS NULL
5243,Competitor
5244,IS NULL
5245,Competitor
5246,IS NULL
5247,IS NULL
5248,IS NULL
5249,IS NULL
5250,IS NULL
5251,IS NULL
5252,IS NULL
5253,IS NULL
5254,IS NULL
5255,IS NULL
5256,IS NULL
5257,IS NULL
5258,IS NULL
5259,IS NULL
5260,Competitor
5261,Competitor
5262,IS NULL
5263,Competitor
5264,IS NULL
5265,IS NULL
5266,IS NULL
5267,IS NULL
5268,IS NULL
5269,IS NULL
5270,IS NULL
5271,IS NULL
5272,Competitor
5273,IS NULL
5274,IS NULL
5275,IS NULL
5276,IS NULL
5277,IS NULL
5278,IS NULL
5279,IS NULL
5280,IS NULL
5281,Competitor
5282,IS NULL
5283,IS NULL
5284,Competitor
5285,IS NULL
5286,IS NULL
5287,IS NULL
5288,IS NULL
5289,IS NULL
5290,Client service
5291,IS NULL
5292,IS NULL
5293,IS NULL
5294,IS NULL
5295,Price
5296,Product quality
5297,IS NULL
5298,Client service
5299,IS NULL
5300,Product quality
5301,Competitor
5302,IS NULL
5303,IS NULL
5304,Competitor
5305,Competitor
5306,IS NULL
5307,IS NULL
5308,IS NULL
5309,IS NULL
5310,IS NULL
5311,Competitor
5312,Product quality
5313,IS NULL
5314,IS NULL
5315,IS NULL
5316,Competitor
5317,IS NULL
5318,Competitor
5319,IS NULL
5320,IS NULL
5321,IS NULL
5322,Client service
5323,IS NULL
5324,IS NULL
5325,IS NULL
5326,IS NULL
5327,IS NULL
5328,Client service
5329,IS NULL
5330,IS NULL
5331,IS NULL
5332,Client service
5333,IS NULL
5334,Competitor
5335,IS NULL
5336,IS NULL
5337,Competitor
5338,Other
5339,IS NULL
5340,IS NULL
5341,Client service
5342,Competitor
5343,Price
5344,IS NULL
5345,Competitor
5346,Client service
5347,IS NULL
5348,IS NULL
5349,IS NULL
5350,IS NULL
5351,IS NULL
5352,IS NULL
5353,Competitor
5354,IS NULL
5355,Competitor
5356,IS NULL
5357,IS NULL
5358,IS NULL
5359,Competitor
5360,IS NULL
5361,IS NULL
5362,Price
5363,IS NULL
5364,IS NULL
5365,IS NULL
5366,Competitor
5367,IS NULL
5368,IS NULL
5369,Competitor
5370,Price
5371,IS NULL
5372,IS NULL
5373,IS NULL
5374,Price
5375,IS NULL
5376,Price
5377,Price
5378,IS NULL
5379,Other
5380,IS NULL
5381,Competitor
5382,IS NULL
5383,IS NULL
5384,IS NULL
5385,Competitor
5386,Other
5387,IS NULL
5388,IS NULL
5389,IS NULL
5390,IS NULL
5391,IS NULL
5392,IS NULL
5393,Client service
5394,IS NULL
5395,IS NULL
5396,IS NULL
5397,IS NULL
5398,IS NULL
5399,IS NULL
5400,IS NULL
5401,IS NULL
5402,IS NULL
5403,Product quality
5404,Other
5405,Competitor
5406,IS NULL
5407,Client service
5408,IS NULL
5409,IS NULL
5410,IS NULL
5411,IS NULL
5412,IS NULL
5413,Price
5414,Product quality
5415,Competitor
5416,IS NULL
5417,IS NULL
5418,Client service
5419,IS NULL
5420,IS NULL
5421,IS NULL
5422,IS NULL
5423,IS NULL
5424,IS NULL
5425,IS NULL
5426,Client service
5427,IS NULL
5428,IS NULL
5429,Competitor
5430,Product quality
5431,IS NULL
5432,IS NULL
5433,IS NULL
5434,IS NULL
5435,IS NULL
5436,IS NULL
5437,IS NULL
5438,Price
5439,IS NULL
5440,Client service
5441,IS NULL
5442,IS NULL
5443,Other
5444,IS NULL
5445,IS NULL
5446,IS NULL
5447,Competitor
5448,IS NULL
5449,Product quality
5450,IS NULL
5451,IS NULL
5452,IS NULL
5453,IS NULL
5454,IS NULL
5455,IS NULL
5456,IS NULL
5457,Competitor
5458,IS NULL
5459,IS NULL
5460,Competitor
5461,IS NULL
5462,IS NULL
5463,IS NULL
5464,IS NULL
5465,IS NULL
5466,Competitor
5467,IS NULL
5468,Product quality
5469,IS NULL
5470,IS NULL
5471,IS NULL
5472,IS NULL
5473,Competitor
5474,IS NULL
5475,IS NULL
5476,IS NULL
5477,IS NULL
5478,IS NULL
5479,IS NULL
5480,IS NULL
5481,Competitor
5482,IS NULL
5483,IS NULL
5484,IS NULL
5485,IS NULL
5486,Competitor
5487,IS NULL
5488,IS NULL
5489,IS NULL
5490,IS NULL
5491,IS NULL
5492,IS NULL
5493,Product quality
5494,IS NULL
5495,Client service
5496,Competitor
5497,IS NULL
5498,IS NULL
5499,IS NULL
5500,Product quality
5501,IS NULL
5502,IS NULL
5503,IS NULL
5504,IS NULL
5505,Other
5506,IS NULL
5507,IS NULL
5508,IS NULL
5509,Competitor
5510,Competitor
5511,IS NULL
5512,Product quality
5513,IS NULL
5514,IS NULL
5515,IS NULL
5516,Competitor
5517,IS NULL
5518,IS NULL
5519,Client service
5520,IS NULL
5521,Client service
5522,IS NULL
5523,Product quality
5524,IS NULL
5525,Client service
5526,IS NULL
5527,IS NULL
5528,Price
5529,IS NULL
5530,Competitor
5531,IS NULL
5532,IS NULL
5533,IS NULL
5534,IS NULL
5535,IS NULL
5536,IS NULL
5537,IS NULL
5538,IS NULL
5539,IS NULL
5540,IS NULL
5541,IS NULL
5542,Competitor
5543,IS NULL
5544,IS NULL
5545,IS NULL
5546,Price
5547,IS NULL
5548,IS NULL
5549,IS NULL
5550,IS NULL
5551,IS NULL
5552,Competitor
5553,IS NULL
5554,IS NULL
5555,IS NULL
5556,IS NULL
5557,IS NULL
5558,Product quality
5559,Competitor
5560,IS NULL
5561,Other
5562,IS NULL
5563,IS NULL
5564,IS NULL
5565,Price
5566,IS NULL
5567,Other
5568,Price
5569,IS NULL
5570,IS NULL
5571,Competitor
5572,Competitor
5573,IS NULL
5574,Price
5575,IS NULL
5576,IS NULL
5577,Client service
5578,Client service
5579,Competitor
5580,IS NULL
5581,IS NULL
5582,IS NULL
5583,IS NULL
5584,IS NULL
5585,Competitor
5586,IS NULL
5587,IS NULL
5588,IS NULL
5589,IS NULL
5590,IS NULL
5591,IS NULL
5592,IS NULL
5593,IS NULL
5594,IS NULL
5595,IS NULL
5596,IS NULL
5597,IS NULL
5598,IS NULL
5599,IS NULL
5600,Competitor
5601,Competitor
5602,IS NULL
5603,Competitor
5604,Other
5605,IS NULL
5606,Client service
5607,IS NULL
5608,IS NULL
5609,IS NULL
5610,IS NULL
5611,IS NULL
5612,Competitor
5613,IS NULL
5614,IS NULL
5615,Competitor
5616,IS NULL
5617,Competitor
5618,IS NULL
5619,IS NULL
5620,IS NULL
5621,IS NULL
5622,IS NULL
5623,IS NULL
5624,IS NULL
5625,IS NULL
5626,Client service
5627,IS NULL
5628,IS NULL
5629,IS NULL
5630,Client service
5631,Competitor
5632,Client service
5633,IS NULL
5634,IS NULL
5635,Competitor
5636,IS NULL
5637,IS NULL
5638,IS NULL
5639,Price
5640,IS NULL
5641,IS NULL
5642,IS NULL
5643,IS NULL
5644,Price
5645,Price
5646,IS NULL
5647,IS NULL
5648,IS NULL
5649,IS NULL
5650,IS NULL
5651,IS NULL
5652,IS NULL
5653,Other
5654,IS NULL
5655,IS NULL
5656,IS NULL
5657,IS NULL
5658,IS NULL
5659,IS NULL
5660,IS NULL
5661,IS NULL
5662,Other
5663,IS NULL
5664,IS NULL
5665,IS NULL
5666,Competitor
5667,IS NULL
5668,IS NULL
5669,Product quality
5670,IS NULL
5671,IS NULL
5672,IS NULL
5673,IS NULL
5674,IS NULL
5675,IS NULL
5676,IS NULL
5677,IS NULL
5678,Competitor
5679,IS NULL
5680,IS NULL
5681,IS NULL
5682,IS NULL
5683,Competitor
5684,IS NULL
5685,Competitor
5686,IS NULL
5687,IS NULL
5688,IS NULL
5689,IS NULL
5690,Competitor
5691,IS NULL
5692,Product quality
5693,Competitor
5694,IS NULL
5695,IS NULL
5696,IS NULL
5697,IS NULL
5698,IS NULL
5699,IS NULL
5700,IS NULL
5701,IS NULL
5702,Client service
5703,IS NULL
5704,IS NULL
5705,IS NULL
5706,IS NULL
5707,IS NULL
5708,Client service
5709,IS NULL
5710,IS NULL
5711,IS NULL
5712,IS NULL
5713,IS NULL
5714,IS NULL
5715,IS NULL
5716,IS NULL
5717,IS NULL
5718,Client service
5719,Competitor
5720,IS NULL
5721,Competitor
5722,Competitor
5723,IS NULL
5724,IS NULL
5725,Other
5726,Competitor
5727,Competitor
5728,IS NULL
5729,IS NULL
5730,IS NULL
5731,Other
5732,Client service
5733,IS NULL
5734,IS NULL
5735,IS NULL
5736,IS NULL
5737,IS NULL
5738,Price
5739,IS NULL
5740,IS NULL
5741,Product quality
5742,Client service
5743,IS NULL
5744,IS NULL
5745,Client service
5746,IS NULL
5747,IS NULL
5748,Competitor
5749,IS NULL
5750,IS NULL
5751,IS NULL
5752,IS NULL
5753,IS NULL
5754,IS NULL
5755,IS NULL
5756,IS NULL
5757,Competitor
5758,IS NULL
5759,IS NULL
5760,IS NULL
5761,IS NULL
5762,IS NULL
5763,IS NULL
5764,IS NULL
5765,IS NULL
5766,IS NULL
5767,IS NULL
5768,IS NULL
5769,Product quality
5770,Client service
5771,Product quality
5772,IS NULL
5773,IS NULL
5774,IS NULL
5775,IS NULL
5776,IS NULL
5777,Client service
5778,IS NULL
5779,IS NULL
5780,IS NULL
5781,IS NULL
5782,IS NULL
5783,IS NULL
5784,IS NULL
5785,IS NULL
5786,IS NULL
5787,IS NULL
5788,IS NULL
5789,Competitor
5790,IS NULL
5791,IS NULL
5792,IS NULL
5793,Client service
5794,IS NULL
5795,IS NULL
5796,IS NULL
5797,IS NULL
5798,IS NULL
5799,IS NULL
5800,IS NULL
5801,Client service
5802,IS NULL
5803,Competitor
5804,IS NULL
5805,IS NULL
5806,IS NULL
5807,IS NULL
5808,Price
5809,IS NULL
5810,IS NULL
5811,Client service
5812,Price
5813,Competitor
5814,IS NULL
5815,Product quality
5816,IS NULL
5817,IS NULL
5818,IS NULL
5819,IS NULL
5820,IS NULL
5821,IS NULL
5822,IS NULL
5823,IS NULL
5824,Competitor
5825,IS NULL
5826,IS NULL
5827,IS NULL
5828,IS NULL
5829,IS NULL
5830,IS NULL
5831,IS NULL
5832,Product quality
5833,IS NULL
5834,IS NULL
5835,IS NULL
5836,IS NULL
5837,IS NULL
5838,IS NULL
5839,IS NULL
5840,IS NULL
5841,IS NULL
5842,IS NULL
5843,IS NULL
5844,IS NULL
5845,IS NULL
5846,IS NULL
5847,IS NULL
5848,IS NULL
5849,IS NULL
5850,IS NULL
5851,IS NULL
5852,Competitor
5853,IS NULL
5854,IS NULL
5855,IS NULL
5856,Other
5857,IS NULL
5858,IS NULL
5859,IS NULL
5860,IS NULL
5861,IS NULL
5862,IS NULL
5863,IS NULL
5864,IS NULL
5865,IS NULL
5866,Client service
5867,IS NULL
5868,IS NULL
5869,IS NULL
5870,Competitor
5871,Competitor
5872,IS NULL
5873,IS NULL
5874,Other
5875,IS NULL
5876,IS NULL
5877,Competitor
5878,IS NULL
5879,IS NULL
5880,IS NULL
5881,IS NULL
5882,IS NULL
5883,Client service
5884,IS NULL
5885,IS NULL
5886,IS NULL
5887,Price
5888,IS NULL
5889,Product quality
5890,IS NULL
5891,IS NULL
5892,Competitor
5893,IS NULL
5894,IS NULL
5895,Competitor
5896,IS NULL
5897,IS NULL
5898,IS NULL
5899,Price
5900,IS NULL
5901,IS NULL
5902,IS NULL
5903,IS NULL
5904,IS NULL
5905,IS NULL
5906,IS NULL
5907,IS NULL
5908,IS NULL
5909,IS NULL
5910,IS NULL
5911,IS NULL
5912,IS NULL
5913,Product quality
5914,IS NULL
5915,IS NULL
5916,IS NULL
5917,Competitor
5918,IS NULL
5919,IS NULL
5920,IS NULL
5921,IS NULL
5922,Client service
5923,Competitor
5924,IS NULL
5925,IS NULL
5926,IS NULL
5927,IS NULL
5928,Product quality
5929,IS NULL
5930,IS NULL
5931,IS NULL
5932,Competitor
5933,IS NULL
5934,Competitor
5935,Product quality
5936,Competitor
5937,IS NULL
5938,Product quality
5939,Competitor
5940,IS NULL
5941,IS NULL
5942,IS NULL
5943,Competitor
5944,Price
5945,IS NULL
5946,IS NULL
5947,Competitor
5948,IS NULL
5949,IS NULL
5950,IS NULL
5951,IS NULL
5952,Competitor
5953,IS NULL
5954,IS NULL
5955,Client service
5956,IS NULL
5957,Competitor
5958,IS NULL
5959,IS NULL
5960,IS NULL
5961,IS NULL
5962,IS NULL
5963,IS NULL
5964,IS NULL
5965,IS NULL
5966,IS NULL
5967,IS NULL
5968,IS NULL
5969,IS NULL
5970,Product quality
5971,IS NULL
5972,Product quality
5973,IS NULL
5974,Product quality
5975,IS NULL
5976,IS NULL
5977,Price
5978,IS NULL
5979,IS NULL
5980,Other
5981,IS NULL
5982,IS NULL
5983,Competitor
5984,IS NULL
5985,IS NULL
5986,Product quality
5987,Price
5988,Client service
5989,IS NULL
5990,Competitor
5991,IS NULL
5992,IS NULL
5993,IS NULL
5994,IS NULL
5995,IS NULL
5996,IS NULL
5997,IS NULL
5998,IS NULL
5999,IS NULL
6000,IS NULL
6001,IS NULL
6002,IS NULL
6003,IS NULL
6004,IS NULL
6005,Client service
6006,IS NULL
6007,IS NULL
6008,Product quality
6009,Competitor
6010,IS NULL
6011,IS NULL
6012,IS NULL
6013,IS NULL
6014,IS NULL
6015,Client service
6016,IS NULL
6017,IS NULL
6018,Client service
6019,IS NULL
6020,IS NULL
6021,IS NULL
6022,IS NULL
6023,IS NULL
6024,Competitor
6025,Competitor
6026,Client service
6027,IS NULL
6028,IS NULL
6029,IS NULL
6030,IS NULL
6031,IS NULL
6032,IS NULL
6033,IS NULL
6034,IS NULL
6035,IS NULL
6036,IS NULL
6037,IS NULL
6038,Other
6039,IS NULL
6040,IS NULL
6041,IS NULL
6042,Competitor
6043,IS NULL
6044,IS NULL
6045,Competitor
6046,IS NULL
6047,IS NULL
6048,IS NULL
6049,IS NULL
6050,IS NULL
6051,IS NULL
6052,IS NULL
6053,IS NULL
6054,Competitor
6055,Competitor
6056,IS NULL
6057,IS NULL
6058,IS NULL
6059,IS NULL
6060,IS NULL
6061,IS NULL
6062,IS NULL
6063,IS NULL
6064,Other
6065,IS NULL
6066,IS NULL
6067,IS NULL
6068,Competitor
6069,Competitor
6070,IS NULL
6071,IS NULL
6072,IS NULL
6073,IS NULL
6074,Competitor
6075,IS NULL
6076,IS NULL
6077,Competitor
6078,IS NULL
6079,IS NULL
6080,IS NULL
6081,Competitor
6082,IS NULL
6083,Competitor
6084,IS NULL
6085,Other
6086,Competitor
6087,IS NULL
6088,IS NULL
6089,Competitor
6090,IS NULL
6091,IS NULL
6092,IS NULL
6093,IS NULL
6094,Competitor
6095,IS NULL
6096,IS NULL
6097,Competitor
6098,Client service
6099,Client service
6100,IS NULL
6101,Client service
6102,Competitor
6103,Competitor
6104,IS NULL
6105,IS NULL
6106,IS NULL
6107,IS NULL
6108,IS NULL
6109,IS NULL
6110,Product quality
6111,Price
6112,IS NULL
6113,IS NULL
6114,IS NULL
6115,IS NULL
6116,IS NULL
6117,IS NULL
6118,IS NULL
6119,Competitor
6120,IS NULL
6121,IS NULL
6122,IS NULL
6123,IS NULL
6124,IS NULL
6125,IS NULL
6126,Product quality
6127,IS NULL
6128,Price
6129,IS NULL
6130,IS NULL
6131,IS NULL
6132,Competitor
6133,IS NULL
6134,IS NULL
6135,IS NULL
6136,IS NULL
6137,IS NULL
6138,Other
6139,Client service
6140,IS NULL
6141,IS NULL
6142,IS NULL
6143,IS NULL
6144,IS NULL
6145,IS NULL
6146,Competitor
6147,IS NULL
6148,IS NULL
6149,IS NULL
6150,IS NULL
6151,IS NULL
6152,Client service
6153,IS NULL
6154,IS NULL
6155,Other
6156,IS NULL
6157,Competitor
6158,IS NULL
6159,IS NULL
6160,IS NULL
6161,IS NULL
6162,IS NULL
6163,IS NULL
6164,IS NULL
6165,IS NULL
6166,IS NULL
6167,IS NULL
6168,IS NULL
6169,IS NULL
6170,IS NULL
6171,IS NULL
6172,Competitor
6173,IS NULL
6174,Competitor
6175,Product quality
6176,IS NULL
6177,IS NULL
6178,IS NULL
6179,IS NULL
6180,IS NULL
6181,IS NULL
6182,IS NULL
6183,Product quality
6184,IS NULL
6185,IS NULL
6186,IS NULL
6187,IS NULL
6188,IS NULL
6189,Product quality
6190,IS NULL
6191,IS NULL
6192,IS NULL
6193,IS NULL
6194,IS NULL
6195,Product quality
6196,IS NULL
6197,IS NULL
6198,IS NULL
6199,Competitor
6200,IS NULL
6201,Competitor
6202,IS NULL
6203,Other
6204,IS NULL
6205,IS NULL
6206,IS NULL
6207,Competitor
6208,IS NULL
6209,IS NULL
6210,Competitor
6211,IS NULL
6212,IS NULL
6213,IS NULL
6214,IS NULL
6215,Product quality
6216,IS NULL
6217,Competitor
6218,IS NULL
6219,IS NULL
6220,IS NULL
6221,IS NULL
6222,IS NULL
6223,IS NULL
6224,Competitor
6225,IS NULL
6226,Product quality
6227,IS NULL
6228,IS NULL
6229,Price
6230,Price
6231,IS NULL
6232,IS NULL
6233,IS NULL
6234,Product quality
6235,IS NULL
6236,Competitor
6237,IS NULL
6238,IS NULL
6239,IS NULL
6240,IS NULL
6241,Competitor
6242,IS NULL
6243,IS NULL
6244,Competitor
6245,Competitor
6246,Other
6247,IS NULL
6248,Client service
6249,Competitor
6250,IS NULL
6251,IS NULL
6252,IS NULL
6253,Product quality
6254,IS NULL
6255,IS NULL
6256,IS NULL
6257,Competitor
6258,IS NULL
6259,IS NULL
6260,IS NULL
6261,IS NULL
6262,Competitor
6263,IS NULL
6264,IS NULL
6265,Product quality
6266,IS NULL
6267,Client service
6268,IS NULL
6269,IS NULL
6270,IS NULL
6271,IS NULL
6272,IS NULL
6273,Competitor
6274,IS NULL
6275,IS NULL
6276,IS NULL
6277,IS NULL
6278,IS NULL
6279,IS NULL
6280,Other
6281,IS NULL
6282,IS NULL
6283,IS NULL
6284,IS NULL
6285,IS NULL
6286,IS NULL
6287,IS NULL
6288,IS NULL
6289,Competitor
6290,IS NULL
6291,IS NULL
6292,IS NULL
6293,IS NULL
6294,IS NULL
6295,IS NULL
6296,IS NULL
6297,IS NULL
6298,IS NULL
6299,IS NULL
6300,IS NULL
6301,Other
6302,IS NULL
6303,IS NULL
6304,IS NULL
6305,Competitor
6306,IS NULL
6307,Client service
6308,IS NULL
6309,IS NULL
6310,IS NULL
6311,Client service
6312,IS NULL
6313,Client service
6314,Competitor
6315,IS NULL
6316,Price
6317,IS NULL
6318,Competitor
6319,Competitor
6320,IS NULL
6321,IS NULL
6322,Competitor
6323,IS NULL
6324,IS NULL
6325,IS NULL
6326,IS NULL
6327,IS NULL
6328,IS NULL
6329,IS NULL
6330,IS NULL
6331,IS NULL
6332,IS NULL
6333,IS NULL
6334,IS NULL
6335,IS NULL
6336,Competitor
6337,IS NULL
6338,IS NULL
6339,Product quality
6340,IS NULL
6341,IS NULL
6342,IS NULL
6343,IS NULL
6344,IS NULL
6345,IS NULL
6346,IS NULL
6347,Product quality
6348,IS NULL
6349,IS NULL
6350,IS NULL
6351,Competitor
6352,IS NULL
6353,IS NULL
6354,IS NULL
6355,Competitor
6356,IS NULL
6357,Client service
6358,IS NULL
6359,IS NULL
6360,IS NULL
6361,IS NULL
6362,IS NULL
6363,IS NULL
6364,IS NULL
6365,Competitor
6366,Other
6367,Client service
6368,IS NULL
6369,Product quality
6370,IS NULL
6371,IS NULL
6372,IS NULL
6373,IS NULL
6374,IS NULL
6375,IS NULL
6376,Other
6377,IS NULL
6378,Price
6379,IS NULL
6380,IS NULL
6381,IS NULL
6382,IS NULL
6383,Other
6384,IS NULL
6385,Competitor
6386,IS NULL
6387,IS NULL
6388,IS NULL
6389,Other
6390,IS NULL
6391,IS NULL
6392,Competitor
6393,Price
6394,Product quality
6395,IS NULL
6396,IS NULL
6397,IS NULL
6398,Competitor
6399,Price
6400,IS NULL
6401,IS NULL
6402,IS NULL
6403,IS NULL
6404,IS NULL
6405,IS NULL
6406,IS NULL
6407,IS NULL
6408,IS NULL
6409,IS NULL
6410,IS NULL
6411,IS NULL
6412,Product quality
6413,IS NULL
6414,IS NULL
6415,IS NULL
6416,IS NULL
6417,IS NULL
6418,Competitor
6419,IS NULL
6420,IS NULL
6421,IS NULL
6422,IS NULL
6423,Competitor
6424,IS NULL
6425,IS NULL
6426,Other
6427,IS NULL
6428,Client service
6429,IS NULL
6430,IS NULL
6431,Price
6432,IS NULL
6433,IS NULL
6434,IS NULL
6435,IS NULL
6436,IS NULL
6437,IS NULL
6438,IS NULL
6439,IS NULL
6440,IS NULL
6441,Client service
6442,IS NULL
6443,IS NULL
6444,Price
6445,IS NULL
6446,IS NULL
6447,IS NULL
6448,IS NULL
6449,IS NULL
6450,Product quality
6451,IS NULL
6452,IS NULL
6453,IS NULL
6454,Price
6455,IS NULL
6456,IS NULL
6457,IS NULL
6458,IS NULL
6459,Client service
6460,IS NULL
6461,IS NULL
6462,IS NULL
6463,IS NULL
6464,IS NULL
6465,IS NULL
6466,IS NULL
6467,IS NULL
6468,IS NULL
6469,IS NULL
6470,Price
6471,IS NULL
6472,IS NULL
6473,IS NULL
6474,IS NULL
6475,IS NULL
6476,Product quality
6477,Price
6478,Client service
6479,Other
6480,IS NULL
6481,Product quality
6482,IS NULL
6483,IS NULL
6484,IS NULL
6485,Client service
6486,Price
6487,Competitor
6488,Product quality
6489,IS NULL
6490,IS NULL
6491,IS NULL
6492,Product quality
6493,IS NULL
6494,IS NULL
6495,IS NULL
6496,Client service
6497,IS NULL
6498,IS NULL
6499,IS NULL
6500,Product quality
6501,Price
6502,IS NULL
6503,IS NULL
6504,Price
6505,IS NULL
6506,IS NULL
6507,IS NULL
6508,Other
6509,IS NULL
6510,IS NULL
6511,Other
6512,IS NULL
6513,Competitor
6514,IS NULL
6515,IS NULL
6516,Competitor
6517,Competitor
6518,Competitor
6519,IS NULL
6520,IS NULL
6521,Competitor
6522,IS NULL
6523,Competitor
6524,IS NULL
6525,IS NULL
6526,IS NULL
6527,Competitor
6528,IS NULL
6529,Competitor
6530,IS NULL
6531,Competitor
6532,IS NULL
6533,IS NULL
6534,IS NULL
6535,IS NULL
6536,IS NULL
6537,IS NULL
6538,IS NULL
6539,Other
6540,Competitor
6541,IS NULL
6542,Product quality
6543,IS NULL
6544,IS NULL
6545,IS NULL
6546,IS NULL
6547,IS NULL
6548,IS NULL
6549,Product quality
6550,Client service
6551,Other
6552,Competitor
6553,IS NULL
6554,IS NULL
6555,IS NULL
6556,IS NULL
6557,IS NULL
6558,IS NULL
6559,Price
6560,Product quality
6561,IS NULL
6562,IS NULL
6563,IS NULL
6564,Price
6565,IS NULL
6566,IS NULL
6567,IS NULL
6568,IS NULL
6569,IS NULL
6570,IS NULL
6571,IS NULL
6572,IS NULL
6573,IS NULL
6574,IS NULL
6575,IS NULL
6576,IS NULL
6577,IS NULL
6578,IS NULL
6579,IS NULL
6580,IS NULL
6581,IS NULL
6582,IS NULL
6583,Product quality
6584,IS NULL
6585,IS NULL
6586,IS NULL
6587,IS NULL
6588,IS NULL
6589,IS NULL
6590,IS NULL
6591,IS NULL
6592,Price
6593,Competitor
6594,IS NULL
6595,IS NULL
6596,IS NULL
6597,IS NULL
6598,IS NULL
6599,Product quality
6600,Product quality
6601,IS NULL
6602,IS NULL
6603,IS NULL
6604,IS NULL
6605,IS NULL
6606,IS NULL
6607,Competitor
6608,IS NULL
6609,IS NULL
6610,IS NULL
6611,IS NULL
6612,IS NULL
6613,IS NULL
6614,IS NULL
6615,Competitor
6616,IS NULL
6617,IS NULL
6618,IS NULL
6619,IS NULL
6620,IS NULL
6621,Other
6622,IS NULL
6623,Competitor
6624,Competitor
6625,Competitor
6626,IS NULL
6627,IS NULL
6628,IS NULL
6629,IS NULL
6630,Competitor
6631,IS NULL
6632,IS NULL
6633,Competitor
6634,IS NULL
6635,IS NULL
6636,IS NULL
6637,IS NULL
6638,Client service
6639,IS NULL
6640,IS NULL
6641,IS NULL
6642,Other
6643,Product quality
6644,IS NULL
6645,IS NULL
6646,Other
6647,IS NULL
6648,Competitor
6649,IS NULL
6650,IS NULL
6651,Competitor
6652,Competitor
6653,IS NULL
6654,IS NULL
6655,IS NULL
6656,IS NULL
6657,IS NULL
6658,IS NULL
6659,Product quality
6660,IS NULL
6661,IS NULL
6662,IS NULL
6663,IS NULL
6664,IS NULL
6665,IS NULL
6666,IS NULL
6667,IS NULL
6668,IS NULL
6669,IS NULL
6670,Competitor
6671,IS NULL
6672,IS NULL
6673,IS NULL
6674,Competitor
6675,Competitor
6676,IS NULL
6677,IS NULL
6678,IS NULL
6679,IS NULL
6680,IS NULL
6681,Competitor
6682,IS NULL
6683,IS NULL
6684,IS NULL
6685,IS NULL
6686,IS NULL
6687,IS NULL
6688,IS NULL
6689,IS NULL
6690,IS NULL
6691,IS NULL
6692,IS NULL
6693,Client service
6694,IS NULL
6695,IS NULL
6696,IS NULL
6697,IS NULL
6698,Other
6699,IS NULL
6700,Product quality
6701,IS NULL
6702,Competitor
6703,IS NULL
6704,IS NULL
6705,IS NULL
6706,Competitor
6707,Product quality
6708,Competitor
6709,IS NULL
6710,Competitor
6711,IS NULL
6712,IS NULL
6713,IS NULL
6714,IS NULL
6715,IS NULL
6716,Competitor
6717,IS NULL
6718,IS NULL
6719,IS NULL
6720,Competitor
6721,IS NULL
6722,IS NULL
6723,IS NULL
6724,IS NULL
6725,IS NULL
6726,IS NULL
6727,IS NULL
6728,IS NULL
6729,IS NULL
6730,IS NULL
6731,Product quality
6732,IS NULL
6733,Competitor
6734,IS NULL
6735,Competitor
6736,IS NULL
6737,Price
6738,IS NULL
6739,IS NULL
6740,Competitor
6741,IS NULL
6742,IS NULL
6743,Competitor
6744,IS NULL
6745,Competitor
6746,IS NULL
6747,IS NULL
6748,IS NULL
6749,Competitor
6750,IS NULL
6751,IS NULL
6752,IS NULL
6753,IS NULL
6754,IS NULL
6755,IS NULL
6756,IS NULL
6757,IS NULL
6758,IS NULL
6759,IS NULL
6760,Competitor
6761,Client service
6762,Competitor
6763,IS NULL
6764,IS NULL
6765,IS NULL
6766,Client service
6767,IS NULL
6768,IS NULL
6769,Competitor
6770,Competitor
6771,IS NULL
6772,IS NULL
6773,IS NULL
6774,IS NULL
6775,IS NULL
6776,IS NULL
6777,IS NULL
6778,IS NULL
6779,IS NULL
6780,Competitor
6781,IS NULL
6782,IS NULL
6783,IS NULL
6784,IS NULL
6785,IS NULL
6786,IS NULL
6787,IS NULL
6788,IS NULL
6789,IS NULL
6790,Competitor
6791,IS NULL
6792,IS NULL
6793,IS NULL
6794,IS NULL
6795,IS NULL
6796,IS NULL
6797,IS NULL
6798,IS NULL
6799,Competitor
6800,IS NULL
6801,IS NULL
6802,Client service
6803,Competitor
6804,IS NULL
6805,IS NULL
6806,Competitor
6807,IS NULL
6808,Product quality
6809,Other
6810,IS NULL
6811,IS NULL
6812,IS NULL
6813,IS NULL
6814,IS NULL
6815,IS NULL
6816,IS NULL
6817,IS NULL
6818,Competitor
6819,Price
6820,IS NULL
6821,Competitor
6822,IS NULL
6823,Competitor
6824,IS NULL
6825,IS NULL
6826,IS NULL
6827,IS NULL
6828,IS NULL
6829,IS NULL
6830,IS NULL
6831,IS NULL
6832,IS NULL
6833,IS NULL
6834,IS NULL
6835,IS NULL
6836,IS NULL
6837,Price
6838,IS NULL
6839,IS NULL
6840,IS NULL
6841,IS NULL
6842,IS NULL
6843,IS NULL
6844,IS NULL
6845,Price
6846,Price
6847,Product quality
6848,IS NULL
6849,IS NULL
6850,Price
6851,IS NULL
6852,Competitor
6853,Price
6854,IS NULL
6855,IS NULL
6856,IS NULL
6857,IS NULL
6858,IS NULL
6859,IS NULL
6860,IS NULL
6861,IS NULL
6862,Product quality
6863,IS NULL
6864,IS NULL
6865,IS NULL
6866,IS NULL
6867,IS NULL
6868,IS NULL
6869,IS NULL
6870,IS NULL
6871,IS NULL
6872,Competitor
6873,IS NULL
6874,IS NULL
6875,IS NULL
6876,IS NULL
6877,IS NULL
6878,IS NULL
6879,IS NULL
6880,IS NULL
6881,Competitor
6882,IS NULL
6883,IS NULL
6884,IS NULL
6885,IS NULL
6886,IS NULL
6887,IS NULL
6888,IS NULL
6889,IS NULL
6890,IS NULL
6891,Client service
6892,IS NULL
6893,IS NULL
6894,IS NULL
6895,IS NULL
6896,IS NULL
6897,IS NULL
6898,IS NULL
6899,IS NULL
6900,IS NULL
6901,IS NULL
6902,IS NULL
6903,IS NULL
6904,IS NULL
6905,Competitor
6906,IS NULL
6907,IS NULL
6908,IS NULL
6909,Client service
6910,IS NULL
6911,Competitor
6912,IS NULL
6913,IS NULL
6914,IS NULL
6915,IS NULL
6916,IS NULL
6917,Competitor
6918,IS NULL
6919,Price
6920,IS NULL
6921,IS NULL
6922,IS NULL
6923,IS NULL
6924,Competitor
6925,IS NULL
6926,IS NULL
6927,Competitor
6928,IS NULL
6929,IS NULL
6930,Client service
6931,IS NULL
6932,Competitor
6933,Price
6934,IS NULL
6935,IS NULL
6936,IS NULL
6937,Client service
6938,IS NULL
6939,IS NULL
6940,IS NULL
6941,IS NULL
6942,IS NULL
6943,Client service
6944,IS NULL
6945,IS NULL
6946,Product quality
6947,Competitor
6948,Competitor
6949,IS NULL
6950,IS NULL
6951,IS NULL
6952,IS NULL
6953,Other
6954,IS NULL
6955,Competitor
6956,IS NULL
6957,IS NULL
6958,IS NULL
6959,IS NULL
6960,IS NULL
6961,Competitor
6962,Competitor
6963,IS NULL
6964,IS NULL
6965,IS NULL
6966,Product quality
6967,IS NULL
6968,IS NULL
6969,Competitor
6970,IS NULL
6971,Competitor
6972,IS NULL
6973,IS NULL
6974,IS NULL
6975,Competitor
6976,Competitor
6977,IS NULL
6978,IS NULL
6979,IS NULL
6980,Competitor
6981,IS NULL
6982,IS NULL
6983,Product quality
6984,IS NULL
6985,IS NULL
6986,IS NULL
6987,IS NULL
6988,IS NULL
6989,IS NULL
6990,IS NULL
6991,IS NULL
6992,Competitor
6993,IS NULL
6994,IS NULL
6995,IS NULL
6996,IS NULL
6997,IS NULL
6998,IS NULL
6999,IS NULL
7000,IS NULL
7001,IS NULL
7002,IS NULL
7003,IS NULL
7004,IS NULL
7005,IS NULL
7006,Price
7007,Competitor
7008,IS NULL
7009,IS NULL
7010,Competitor
7011,IS NULL
7012,Competitor
7013,Competitor
7014,IS NULL
7015,IS NULL
7016,IS NULL
7017,IS NULL
7018,IS NULL
7019,IS NULL
7020,Product quality
7021,IS NULL
7022,IS NULL
7023,Product quality
7024,IS NULL
7025,IS NULL
7026,IS NULL
7027,IS NULL
7028,IS NULL
7029,IS NULL
7030,IS NULL
7031,IS NULL
7032,IS NULL
7033,IS NULL
7034,IS NULL
7035,IS NULL
7036,Competitor
7037,Competitor
7038,IS NULL
7039,Product quality
7040,IS NULL
7041,IS NULL
7042,IS NULL
